"disease","gene","expression"
"COVID-19","TTK",4.63641245320822
"COVID-19","CCNA2",5.8125165424594
"COVID-19","BIRC5",6.25199247879011
"COVID-19","BUB1B",5.37074797185385
"COVID-19","KIF2C",6.17867764626327
"COVID-19","MELK",4.94425706988214
"COVID-19","TTK",5.09843957644215
"COVID-19","CCNA2",5.66059330851409
"COVID-19","BIRC5",5.85624347765214
"COVID-19","BUB1B",4.53610126112864
"COVID-19","KIF2C",4.6804652414038
"COVID-19","MELK",4.91184474077752
"COVID-19","TTK",4.47417479036568
"COVID-19","CCNA2",5.30064480169716
"COVID-19","BIRC5",5.22231545796557
"COVID-19","BUB1B",4.83551219884887
"COVID-19","KIF2C",5.60010136806244
"COVID-19","MELK",4.77455229078205
"COVID-19","TTK",4.86727280098031
"COVID-19","CCNA2",5.69948519690298
"COVID-19","BIRC5",5.37414939861902
"COVID-19","BUB1B",4.97051082816283
"COVID-19","KIF2C",5.37414939861902
"COVID-19","MELK",5.40760121007758
"COVID-19","TTK",5.05709295172663
"COVID-19","CCNA2",6.06658383157427
"COVID-19","BIRC5",6.16481051628666
"COVID-19","BUB1B",5.41942519189241
"COVID-19","KIF2C",5.88481262020428
"COVID-19","MELK",5.52745094581136
"COVID-19","TTK",5.43775046874211
"COVID-19","CCNA2",5.40525076162001
"COVID-19","BIRC5",5.91170082137552
"COVID-19","BUB1B",5.5596474017964
"COVID-19","KIF2C",5.18858667807977
"COVID-19","MELK",4.74990693508512
"COVID-19","TTK",5.2098402653272
"COVID-19","CCNA2",5.74973885171092
"COVID-19","BIRC5",5.31853839363842
"COVID-19","BUB1B",5.08939558751925
"COVID-19","KIF2C",5.93079356908
"COVID-19","MELK",5.04605706493756
"COVID-19","TTK",5.06381177188468
"COVID-19","CCNA2",5.06381177188468
"COVID-19","BIRC5",5.78977409775145
"COVID-19","BUB1B",5.24122574846789
"COVID-19","KIF2C",5.32037059295133
"COVID-19","MELK",5.06381177188468
"COVID-19","TTK",4.94067668842786
"COVID-19","CCNA2",5.43489713881479
"COVID-19","BIRC5",5.29307387059223
"COVID-19","BUB1B",5.53118583727234
"COVID-19","KIF2C",4.99169726104642
"COVID-19","MELK",4.09900310559994
"COVID-19","TTK",5.05189263684445
"COVID-19","CCNA2",5.38455475087042
"COVID-19","BIRC5",5.44090827661052
"COVID-19","BUB1B",5.12689842995646
"COVID-19","KIF2C",5.54627052311959
"COVID-19","MELK",4.61844533841309
"COVID-19","TTK",5.65371402585706
"COVID-19","CCNA2",5.9660963607496
"COVID-19","BIRC5",6.2359297518428
"COVID-19","BUB1B",5.44688185799476
"COVID-19","KIF2C",5.62620032448272
"COVID-19","MELK",5.34614436082252
"COVID-19","TTK",5.00844577018822
"COVID-19","CCNA2",5.37717282277749
"COVID-19","BIRC5",5.45336521952105
"COVID-19","BUB1B",5.77622632958398
"COVID-19","KIF2C",5.88540977001492
"COVID-19","MELK",5.29570910081435
"COVID-19","TTK",6.2833782708872
"COVID-19","CCNA2",8.10035827403913
"COVID-19","BIRC5",8.37267367688707
"COVID-19","BUB1B",6.2833782708872
"COVID-19","KIF2C",6.74079263194735
"COVID-19","MELK",6.3614794787735
"COVID-19","TTK",5.971063656992
"COVID-19","CCNA2",7.80514573436457
"COVID-19","BIRC5",8.18526233509041
"COVID-19","BUB1B",7.01065693626314
"COVID-19","KIF2C",7.23986815760034
"COVID-19","MELK",6.49946318144057
"COVID-19","TTK",7.62243593953076
"COVID-19","CCNA2",9.72536931632658
"COVID-19","BIRC5",10.1723790493098
"COVID-19","BUB1B",8.14293253999624
"COVID-19","KIF2C",8.63586330109105
"COVID-19","MELK",8.05570249604297
"COVID-19","TTK",7.28748813307672
"COVID-19","CCNA2",9.08960846785861
"COVID-19","BIRC5",9.3451637700213
"COVID-19","BUB1B",7.57558637659898
"COVID-19","KIF2C",8.49300322046875
"COVID-19","MELK",7.27561303109809
"COVID-19","TTK",6.17780918956441
"COVID-19","CCNA2",8.19313123328041
"COVID-19","BIRC5",8.77906318954637
"COVID-19","BUB1B",6.98371998623461
"COVID-19","KIF2C",7.27760059657394
"COVID-19","MELK",6.8254602428212
"COVID-19","TTK",6.02081205126974
"COVID-19","CCNA2",7.84897847864928
"COVID-19","BIRC5",7.94467768790761
"COVID-19","BUB1B",6.62329768835902
"COVID-19","KIF2C",6.77711775507311
"COVID-19","MELK",6.42970955248435
"COVID-19","TTK",6.4495777871869
"COVID-19","CCNA2",8.25807642950644
"COVID-19","BIRC5",8.20866756360562
"COVID-19","BUB1B",6.61326617071921
"COVID-19","KIF2C",7.31309991548086
"COVID-19","MELK",6.59383099913662
"COVID-19","TTK",6.46776609111932
"COVID-19","CCNA2",8.36367620493025
"COVID-19","BIRC5",9.70391518698961
"COVID-19","BUB1B",7.51287169855956
"COVID-19","KIF2C",8.09623241445208
"COVID-19","MELK",7.6236916307569
"COVID-19","TTK",6.3839471445298
"COVID-19","CCNA2",8.27851949290258
"COVID-19","BIRC5",8.35590605712639
"COVID-19","BUB1B",6.79916181436389
"COVID-19","KIF2C",7.58297041695571
"COVID-19","MELK",6.82877176670604
"COVID-19","TTK",7.07939891664925
"COVID-19","CCNA2",8.95469656970168
"COVID-19","BIRC5",9.34094218622531
"COVID-19","BUB1B",7.809983025152
"COVID-19","KIF2C",8.09698512669462
"COVID-19","MELK",7.68951402557898
"COVID-19","TTK",6.18626622150175
"COVID-19","CCNA2",7.78729770073005
"COVID-19","BIRC5",7.700501578098
"COVID-19","BUB1B",7.0125153095435
"COVID-19","KIF2C",7.23989488364517
"COVID-19","MELK",6.47032069649682
"COVID-19","TTK",7.29062833932154
"COVID-19","CCNA2",9.4174129042632
"COVID-19","BIRC5",9.60006943840126
"COVID-19","BUB1B",7.89104430914242
"COVID-19","KIF2C",8.34477108407183
"COVID-19","MELK",7.83965590286821
"COVID-19","TTK",6.80887174281351
"COVID-19","CCNA2",8.57326164750602
"COVID-19","BIRC5",8.99162557832307
"COVID-19","BUB1B",7.35765904683842
"COVID-19","KIF2C",7.99202004462858
"COVID-19","MELK",6.93004631322678
"COVID-19","TTK",6.96627926613379
"COVID-19","CCNA2",8.65241064865435
"COVID-19","BIRC5",8.78182190098893
"COVID-19","BUB1B",7.38559870013156
"COVID-19","KIF2C",7.71477714233494
"COVID-19","MELK",7.11163656985945
"COVID-19","TTK",5.70689516415282
"COVID-19","CCNA2",7.2524649375785
"COVID-19","BIRC5",7.77718631962398
"COVID-19","BUB1B",6.01216052295696
"COVID-19","KIF2C",6.70165730685624
"COVID-19","MELK",5.74087544425434
"COVID-19","TTK",6.25231735274897
"COVID-19","CCNA2",8.47750865693243
"COVID-19","BIRC5",8.72852692395731
"COVID-19","BUB1B",7.26603022189814
"COVID-19","KIF2C",7.8367186215484
"COVID-19","MELK",7.60880349220676
"COVID-19","TTK",5.2360775380163
"COVID-19","CCNA2",5.18878357002122
"COVID-19","BIRC5",5.52201256807324
"COVID-19","BUB1B",5.65938501330967
"COVID-19","KIF2C",5.52201256807324
"COVID-19","MELK",5.32512597305853
"COVID-19","TTK",4.84330889139661
"COVID-19","CCNA2",5.22732642114806
"COVID-19","BIRC5",4.96839313868137
"COVID-19","BUB1B",5.22732642114806
"COVID-19","KIF2C",5.39826329454372
"COVID-19","MELK",4.84330889139661
"COVID-19","TTK",5.22274487696537
"COVID-19","CCNA2",5.22274487696537
"COVID-19","BIRC5",5.64484803555332
"COVID-19","BUB1B",5.45229389057222
"COVID-19","KIF2C",5.35938295371144
"COVID-19","MELK",5.02435887232192
"COVID-19","TTK",5.15744481505098
"COVID-19","CCNA2",6.05113203446764
"COVID-19","BIRC5",6.43333679067315
"COVID-19","BUB1B",5.51145802586843
"COVID-19","KIF2C",6.05113203446764
"COVID-19","MELK",5.73483966552366
"COVID-19","TTK",5.40779308005826
"COVID-19","CCNA2",5.77895969279951
"COVID-19","BIRC5",5.93043885172241
"COVID-19","BUB1B",5.37110202403184
"COVID-19","KIF2C",6.0224945088629
"COVID-19","MELK",5.51155859131021
"COVID-19","TTK",5.13865922834374
"COVID-19","CCNA2",5.74027117817473
"COVID-19","BIRC5",5.98061763530353
"COVID-19","BUB1B",5.84180122065359
"COVID-19","KIF2C",5.37461686026664
"COVID-19","MELK",4.77498071324576
"Healthy_Flu","TTK",4.637705891
"Healthy_Flu","CCNA2",4.836643132
"Healthy_Flu","BIRC5",4.095605595
"Healthy_Flu","BUB1B",4.562070305
"Healthy_Flu","KIF2C",4.617986022
"Healthy_Flu","MELK",3.915138028
"Influenza","TTK",4.520724548
"Influenza","CCNA2",5.543375593
"Influenza","BIRC5",4.101825637
"Influenza","BUB1B",4.693484868
"Influenza","KIF2C",4.057578016
"Influenza","MELK",4.827908154
"Influenza","TTK",5.563073214
"Influenza","CCNA2",6.274727437
"Influenza","BIRC5",5.828833627
"Influenza","BUB1B",5.077294599
"Influenza","KIF2C",5.290731016
"Influenza","MELK",5.324919506
"Influenza","TTK",3.727780579
"Influenza","CCNA2",10.91424092
"Influenza","BIRC5",12.12121262
"Influenza","BUB1B",4.419526766
"Influenza","KIF2C",4.980630737
"Influenza","MELK",4.483019528
"Influenza","TTK",4.357597439
"Influenza","CCNA2",4.784706836
"Influenza","BIRC5",4.83547239
"Influenza","BUB1B",4.573996687
"Influenza","KIF2C",4.954164125
"Influenza","MELK",4.936346427
"Influenza","TTK",4.96076051
"Influenza","CCNA2",5.407486399
"Influenza","BIRC5",5.156851665
"Influenza","BUB1B",4.656012456
"Influenza","KIF2C",4.92661027
"Influenza","MELK",5.046271629
"Healthy_Flu","TTK",4.794208073
"Healthy_Flu","CCNA2",4.738221285
"Healthy_Flu","BIRC5",4.39389475
"Healthy_Flu","BUB1B",4.051766089
"Healthy_Flu","KIF2C",4.24723526
"Healthy_Flu","MELK",4.436286995
"Healthy_Flu","TTK",4.74472338
"Healthy_Flu","CCNA2",4.672047492
"Healthy_Flu","BIRC5",4.819194578
"Healthy_Flu","BUB1B",4.217129892
"Healthy_Flu","KIF2C",4.113502072
"Healthy_Flu","MELK",4.785579319
"Influenza","TTK",5.711327564
"Influenza","CCNA2",6.295134978
"Influenza","BIRC5",5.840973155
"Influenza","BUB1B",5.1577934
"Influenza","KIF2C",5.675337248
"Influenza","MELK",5.434601679
"Influenza","TTK",4.365918445
"Influenza","CCNA2",5.078617349
"Influenza","BIRC5",4.675637887
"Influenza","BUB1B",4.196857797
"Influenza","KIF2C",4.957520539
"Influenza","MELK",4.112709123
"Healthy_Flu","TTK",4.467234269
"Healthy_Flu","CCNA2",5.14179188
"Healthy_Flu","BIRC5",5.015736726
"Healthy_Flu","BUB1B",4.661960472
"Healthy_Flu","KIF2C",4.319467616
"Healthy_Flu","MELK",4.257950912
"Healthy_Flu","TTK",4.968615524
"Healthy_Flu","CCNA2",4.587458938
"Healthy_Flu","BIRC5",4.996911772
"Healthy_Flu","BUB1B",3.948632142
"Healthy_Flu","KIF2C",4.468980694
"Healthy_Flu","MELK",4.87966341
"Influenza","TTK",4.998683493
"Influenza","CCNA2",4.83783751
"Influenza","BIRC5",4.536767447
"Influenza","BUB1B",5.478927142
"Influenza","KIF2C",3.850951361
"Influenza","MELK",4.234128311
"Healthy_Flu","TTK",4.566361592
"Healthy_Flu","CCNA2",5.331877368
"Healthy_Flu","BIRC5",4.561369937
"Healthy_Flu","BUB1B",4.880901896
"Healthy_Flu","KIF2C",4.479483002
"Healthy_Flu","MELK",4.244293407
"Influenza","TTK",4.806138315
"Influenza","CCNA2",5.178575848
"Influenza","BIRC5",5.347999575
"Influenza","BUB1B",4.368104843
"Influenza","KIF2C",4.359872173
"Influenza","MELK",4.684283473
"Influenza","TTK",5.060635197
"Influenza","CCNA2",6.615954026
"Influenza","BIRC5",4.769229287
"Influenza","BUB1B",4.396465812
"Influenza","KIF2C",4.836933331
"Influenza","MELK",5.122722845
"Healthy_Flu","TTK",4.099660106
"Healthy_Flu","CCNA2",4.823874567
"Healthy_Flu","BIRC5",5.049273573
"Healthy_Flu","BUB1B",4.59229292
"Healthy_Flu","KIF2C",4.230965362
"Healthy_Flu","MELK",4.244720552
"Healthy_Flu","TTK",4.422571473
"Healthy_Flu","CCNA2",5.439134165
"Healthy_Flu","BIRC5",4.487058349
"Healthy_Flu","BUB1B",4.762616951
"Healthy_Flu","KIF2C",4.473144328
"Healthy_Flu","MELK",3.808115557
"Influenza","TTK",5.1577934
"Influenza","CCNA2",5.859891383
"Influenza","BIRC5",5.603090962
"Influenza","BUB1B",4.525234702
"Influenza","KIF2C",4.532064738
"Influenza","MELK",5.213299373
"Influenza","TTK",4.69982357
"Influenza","CCNA2",5.647159285
"Influenza","BIRC5",4.613697415
"Influenza","BUB1B",4.948920379
"Influenza","KIF2C",4.673923177
"Influenza","MELK",4.766993217
"Healthy_Flu","TTK",4.798456531
"Healthy_Flu","CCNA2",4.885880101
"Healthy_Flu","BIRC5",4.518195597
"Healthy_Flu","BUB1B",4.710823145
"Healthy_Flu","KIF2C",4.607354483
"Healthy_Flu","MELK",4.544437868
"Influenza","TTK",4.952876207
"Influenza","CCNA2",5.139368603
"Influenza","BIRC5",4.795071877
"Influenza","BUB1B",4.537302524
"Influenza","KIF2C",4.146921147
"Influenza","MELK",4.303186395
"Influenza","TTK",4.981905281
"Influenza","CCNA2",5.173341346
"Influenza","BIRC5",4.671167475
"Influenza","BUB1B",5.061622735
"Influenza","KIF2C",4.753567014
"Influenza","MELK",4.772991515
"Healthy_Flu","TTK",4.816660279
"Healthy_Flu","CCNA2",4.770078519
"Healthy_Flu","BIRC5",4.330012958
"Healthy_Flu","BUB1B",4.496738706
"Healthy_Flu","KIF2C",4.426111335
"Healthy_Flu","MELK",4.330012958
"Influenza","TTK",5.241731362
"Influenza","CCNA2",5.850679217
"Influenza","BIRC5",4.879122685
"Influenza","BUB1B",5.128596437
"Influenza","KIF2C",5.032519517
"Influenza","MELK",4.584667937
"Healthy_Flu","TTK",5.110775223
"Healthy_Flu","CCNA2",4.99852435
"Healthy_Flu","BIRC5",4.764323171
"Healthy_Flu","BUB1B",5.047294005
"Healthy_Flu","KIF2C",4.464482834
"Healthy_Flu","MELK",4.798915214
"Influenza","TTK",4.258157798
"Influenza","CCNA2",5.062168456
"Influenza","BIRC5",4.62348076
"Influenza","BUB1B",4.482334911
"Influenza","KIF2C",5.492206971
"Influenza","MELK",4.053244545
"Healthy_Flu","TTK",4.390732556
"Healthy_Flu","CCNA2",4.810376103
"Healthy_Flu","BIRC5",4.289701506
"Healthy_Flu","BUB1B",3.902020462
"Healthy_Flu","KIF2C",4.321879489
"Healthy_Flu","MELK",4.398468295
"Influenza","TTK",5.177125967
"Influenza","CCNA2",5.748290376
"Influenza","BIRC5",5.272507826
"Influenza","BUB1B",5.048662353
"Influenza","KIF2C",4.743828027
"Influenza","MELK",5.317043072
"Influenza","TTK",5.30247356
"Influenza","CCNA2",6.303454938
"Influenza","BIRC5",5.573896209
"Influenza","BUB1B",4.934039553
"Influenza","KIF2C",5.548904236
"Influenza","MELK",5.58585902
"Influenza","TTK",5.404055522
"Influenza","CCNA2",5.647718467
"Influenza","BIRC5",5.145068101
"Influenza","BUB1B",4.587177517
"Influenza","KIF2C",4.411036637
"Influenza","MELK",5.513542069
"Influenza","TTK",5.091541052
"Influenza","CCNA2",5.565522044
"Influenza","BIRC5",5.350707732
"Influenza","BUB1B",5.078044334
"Influenza","KIF2C",5.04049162
"Influenza","MELK",4.57678309
"Influenza","TTK",4.974566806
"Influenza","CCNA2",6.022745572
"Influenza","BIRC5",5.409220207
"Influenza","BUB1B",5.409220207
"Influenza","KIF2C",5.431884266
"Influenza","MELK",5.268851369
"Healthy_Flu","TTK",4.51447286
"Healthy_Flu","CCNA2",5.022624378
"Healthy_Flu","BIRC5",4.571825688
"Healthy_Flu","BUB1B",4.741623713
"Healthy_Flu","KIF2C",4.208844808
"Healthy_Flu","MELK",4.241967142
"Healthy_Flu","TTK",4.324262572
"Healthy_Flu","CCNA2",5.194458307
"Healthy_Flu","BIRC5",4.52098212
"Healthy_Flu","BUB1B",4.586189403
"Healthy_Flu","KIF2C",4.22026637
"Healthy_Flu","MELK",4.658914235
"Healthy_Flu","TTK",4.695118883
"Healthy_Flu","CCNA2",4.669072249
"Healthy_Flu","BIRC5",4.146965731
"Healthy_Flu","BUB1B",4.49741747
"Healthy_Flu","KIF2C",4.649494413
"Healthy_Flu","MELK",4.345345698
"Healthy_Flu","TTK",4.422167527
"Healthy_Flu","CCNA2",5.154377368
"Healthy_Flu","BIRC5",3.754626195
"Healthy_Flu","BUB1B",4.656131777
"Healthy_Flu","KIF2C",4.197062886
"Healthy_Flu","MELK",4.733371147
"Healthy_Flu","TTK",5.201302516
"Healthy_Flu","CCNA2",4.877772271
"Healthy_Flu","BIRC5",4.715922176
"Healthy_Flu","BUB1B",3.745658335
"Healthy_Flu","KIF2C",4.688884799
"Healthy_Flu","MELK",4.020829382
"Influenza","TTK",5.321215603
"Influenza","CCNA2",6.366379899
"Influenza","BIRC5",6.116924029
"Influenza","BUB1B",5.054969266
"Influenza","KIF2C",5.47720448
"Influenza","MELK",5.422837232
"Healthy_Flu","TTK",4.318451826
"Healthy_Flu","CCNA2",4.518295627
"Healthy_Flu","BIRC5",3.912209778
"Healthy_Flu","BUB1B",4.576142799
"Healthy_Flu","KIF2C",4.246959949
"Healthy_Flu","MELK",4.599428093
"Influenza","TTK",4.405493176
"Influenza","CCNA2",5.209487534
"Influenza","BIRC5",4.926997557
"Influenza","BUB1B",4.50215079
"Influenza","KIF2C",4.835724997
"Influenza","MELK",4.855454429
"Influenza","TTK",5.797685025
"Influenza","CCNA2",6.906126019
"Influenza","BIRC5",5.678417561
"Influenza","BUB1B",4.883792781
"Influenza","KIF2C",5.790087029
"Influenza","MELK",5.652463284
"Influenza","TTK",4.887126144
"Influenza","CCNA2",5.686074871
"Influenza","BIRC5",5.570661398
"Influenza","BUB1B",4.704873448
"Influenza","KIF2C",5.182798104
"Influenza","MELK",5.179535849
"Influenza","TTK",4.947221971
"Influenza","CCNA2",6.141595974
"Influenza","BIRC5",5.08135821
"Influenza","BUB1B",4.461242329
"Influenza","KIF2C",5.039953213
"Influenza","MELK",4.51438529
"Influenza","TTK",5.455821659
"Influenza","CCNA2",6.056295934
"Influenza","BIRC5",5.504339173
"Influenza","BUB1B",5.206763555
"Influenza","KIF2C",5.472299363
"Influenza","MELK",5.460878345
"Influenza","TTK",4.91959343
"Influenza","CCNA2",4.793410033
"Influenza","BIRC5",4.738391828
"Influenza","BUB1B",4.798608125
"Influenza","KIF2C",4.900012327
"Influenza","MELK",4.680179554
"Healthy_Flu","TTK",4.467494179
"Healthy_Flu","CCNA2",5.10059783
"Healthy_Flu","BIRC5",4.574175815
"Healthy_Flu","BUB1B",4.670628273
"Healthy_Flu","KIF2C",4.473707579
"Healthy_Flu","MELK",4.913460664
"Healthy_Flu","TTK",4.922236732
"Healthy_Flu","CCNA2",5.453029635
"Healthy_Flu","BIRC5",4.888073053
"Healthy_Flu","BUB1B",4.81406433
"Healthy_Flu","KIF2C",4.70516698
"Healthy_Flu","MELK",4.636303115
"Influenza","TTK",5.315342429
"Influenza","CCNA2",6.597307116
"Influenza","BIRC5",5.271869113
"Influenza","BUB1B",4.702117259
"Influenza","KIF2C",4.855314976
"Influenza","MELK",5.587599422
"Healthy_Flu","TTK",4.447099615
"Healthy_Flu","CCNA2",4.98532866
"Healthy_Flu","BIRC5",2.901891736
"Healthy_Flu","BUB1B",4.119588824
"Healthy_Flu","KIF2C",4.279065376
"Healthy_Flu","MELK",4.727582088
"Influenza","TTK",4.767671466
"Influenza","CCNA2",4.789498953
"Influenza","BIRC5",3.510779407
"Influenza","BUB1B",4.415786818
"Influenza","KIF2C",4.241051608
"Influenza","MELK",4.798692125
"Influenza","TTK",4.805638516
"Influenza","CCNA2",5.591670275
"Influenza","BIRC5",5.116730211
"Influenza","BUB1B",4.692483309
"Influenza","KIF2C",5.492206971
"Influenza","MELK",5.406419734
"Influenza","TTK",5.270535947
"Influenza","CCNA2",5.759152061
"Influenza","BIRC5",6.061999164
"Influenza","BUB1B",5.278043228
"Influenza","KIF2C",5.525354517
"Influenza","MELK",5.711327564
"Healthy_Flu","TTK",4.284854544
"Healthy_Flu","CCNA2",4.961333474
"Healthy_Flu","BIRC5",4.574122052
"Healthy_Flu","BUB1B",5.010866357
"Healthy_Flu","KIF2C",4.327596633
"Healthy_Flu","MELK",4.535623784
"Healthy_Flu","TTK",4.403379466
"Healthy_Flu","CCNA2",5.024039341
"Healthy_Flu","BIRC5",4.527512108
"Healthy_Flu","BUB1B",4.957473358
"Healthy_Flu","KIF2C",4.579946643
"Healthy_Flu","MELK",4.335175395
"Healthy_Flu","TTK",4.704475735
"Healthy_Flu","CCNA2",5.517852515
"Healthy_Flu","BIRC5",4.672035724
"Healthy_Flu","BUB1B",4.861507636
"Healthy_Flu","KIF2C",4.314223375
"Healthy_Flu","MELK",4.13708281
"Healthy_Flu","TTK",4.785983525
"Healthy_Flu","CCNA2",4.970209293
"Healthy_Flu","BIRC5",4.308796016
"Healthy_Flu","BUB1B",5.163201735
"Healthy_Flu","KIF2C",4.456627345
"Healthy_Flu","MELK",4.496751068
"Healthy_Flu","TTK",4.127593116
"Healthy_Flu","CCNA2",5.135894431
"Healthy_Flu","BIRC5",4.225841293
"Healthy_Flu","BUB1B",4.944871529
"Healthy_Flu","KIF2C",3.610377734
"Healthy_Flu","MELK",4.625536233
"Influenza","TTK",5.318263773
"Influenza","CCNA2",5.810486224
"Influenza","BIRC5",5.051623357
"Influenza","BUB1B",5.057827121
"Influenza","KIF2C",4.808618117
"Influenza","MELK",5.441614514
"Healthy_Flu","TTK",4.176756258
"Healthy_Flu","CCNA2",5.001087273
"Healthy_Flu","BIRC5",4.278416808
"Healthy_Flu","BUB1B",5.074676374
"Healthy_Flu","KIF2C",4.315158714
"Healthy_Flu","MELK",4.337655087
"Healthy_Flu","TTK",4.546106183
"Healthy_Flu","CCNA2",4.695350856
"Healthy_Flu","BIRC5",4.433693052
"Healthy_Flu","BUB1B",4.829696912
"Healthy_Flu","KIF2C",4.471483625
"Healthy_Flu","MELK",4.047992349
"Influenza","TTK",4.636053223
"Influenza","CCNA2",5.030331157
"Influenza","BIRC5",4.467222004
"Influenza","BUB1B",4.485069465
"Influenza","KIF2C",4.67284653
"Influenza","MELK",4.534149589
"Influenza","TTK",4.883117902
"Influenza","CCNA2",5.120894942
"Influenza","BIRC5",4.489563331
"Influenza","BUB1B",5.232479377
"Influenza","KIF2C",4.530886333
"Influenza","MELK",4.518456243
"Influenza","TTK",5.691454443
"Influenza","CCNA2",5.265871079
"Influenza","BIRC5",4.352053305
"Influenza","BUB1B",4.376562884
"Influenza","KIF2C",4.660492529
"Influenza","MELK",4.687495492
"Healthy_Flu","TTK",4.916060012
"Healthy_Flu","CCNA2",4.695357808
"Healthy_Flu","BIRC5",4.669553104
"Healthy_Flu","BUB1B",4.701765207
"Healthy_Flu","KIF2C",4.463594024
"Healthy_Flu","MELK",4.936973216
"Healthy_Flu","TTK",5.001928327
"Healthy_Flu","CCNA2",4.945826946
"Healthy_Flu","BIRC5",4.652469374
"Healthy_Flu","BUB1B",4.825499401
"Healthy_Flu","KIF2C",4.405353196
"Healthy_Flu","MELK",5.011773677
"Influenza","TTK",5.251614392
"Influenza","CCNA2",5.853211872
"Influenza","BIRC5",4.642639407
"Influenza","BUB1B",5.315205035
"Influenza","KIF2C",5.028465348
"Influenza","MELK",4.757583535
"Influenza","TTK",4.833518781
"Influenza","CCNA2",5.0770975
"Influenza","BIRC5",3.394156034
"Influenza","BUB1B",4.237543607
"Influenza","KIF2C",3.971509823
"Influenza","MELK",5.096464046
"Influenza","TTK",4.223037909
"Influenza","CCNA2",4.972842027
"Influenza","BIRC5",4.582621922
"Influenza","BUB1B",4.722767209
"Influenza","KIF2C",4.399507876
"Influenza","MELK",4.334684606
"Healthy_Flu","TTK",4.908217629
"Healthy_Flu","CCNA2",4.640921649
"Healthy_Flu","BIRC5",3.947130186
"Healthy_Flu","BUB1B",4.398511899
"Healthy_Flu","KIF2C",4.390989894
"Healthy_Flu","MELK",4.405877709
"Influenza","TTK",4.7184111
"Influenza","CCNA2",4.954395633
"Influenza","BIRC5",4.851195489
"Influenza","BUB1B",4.904147474
"Influenza","KIF2C",4.493595015
"Influenza","MELK",4.339213098
"Influenza","TTK",4.690897524
"Influenza","CCNA2",5.712388205
"Influenza","BIRC5",4.52110609
"Influenza","BUB1B",5.027476855
"Influenza","KIF2C",5.011647148
"Influenza","MELK",5.035889422
"Healthy_Flu","TTK",3.914108097
"Healthy_Flu","CCNA2",4.645580756
"Healthy_Flu","BIRC5",4.63141167
"Healthy_Flu","BUB1B",4.273756293
"Healthy_Flu","KIF2C",4.366940779
"Healthy_Flu","MELK",4.325721229
"Influenza","TTK",4.771718144
"Influenza","CCNA2",4.761334214
"Influenza","BIRC5",4.560541738
"Influenza","BUB1B",4.698083285
"Influenza","KIF2C",4.570023089
"Influenza","MELK",4.41658182
"Influenza","TTK",4.614366773
"Influenza","CCNA2",4.751698151
"Influenza","BIRC5",4.361288714
"Influenza","BUB1B",4.614366773
"Influenza","KIF2C",4.376660277
"Influenza","MELK",4.789949753
"Healthy_Flu","TTK",4.823703226
"Healthy_Flu","CCNA2",4.975918253
"Healthy_Flu","BIRC5",4.153208867
"Healthy_Flu","BUB1B",4.234009286
"Healthy_Flu","KIF2C",4.454966138
"Healthy_Flu","MELK",4.279609784
"Influenza","TTK",4.35281203
"Influenza","CCNA2",4.927016105
"Influenza","BIRC5",4.937380127
"Influenza","BUB1B",4.749986583
"Influenza","KIF2C",4.692042981
"Influenza","MELK",4.519906127
"Healthy_Flu","TTK",4.289403056
"Healthy_Flu","CCNA2",4.902535078
"Healthy_Flu","BIRC5",4.182736141
"Healthy_Flu","BUB1B",4.770210576
"Healthy_Flu","KIF2C",4.377149858
"Healthy_Flu","MELK",4.779657102
"Healthy_Flu","TTK",4.313158511
"Healthy_Flu","CCNA2",5.20049115
"Healthy_Flu","BIRC5",4.677329085
"Healthy_Flu","BUB1B",4.197668191
"Healthy_Flu","KIF2C",4.661351291
"Healthy_Flu","MELK",4.785261501
"Influenza","TTK",4.90885603
"Influenza","CCNA2",6.123356175
"Influenza","BIRC5",5.479157819
"Influenza","BUB1B",4.850245507
"Influenza","KIF2C",5.02722659
"Influenza","MELK",5.156360341
"Healthy_Flu","TTK",3.904022676
"Healthy_Flu","CCNA2",4.835912409
"Healthy_Flu","BIRC5",4.432975349
"Healthy_Flu","BUB1B",4.69558045
"Healthy_Flu","KIF2C",4.253338259
"Healthy_Flu","MELK",4.94306973
"Influenza","TTK",4.324866557
"Influenza","CCNA2",4.913920073
"Influenza","BIRC5",4.785534531
"Influenza","BUB1B",4.288020373
"Influenza","KIF2C",4.398008103
"Influenza","MELK",4.559338451
"Influenza","TTK",4.567983663
"Influenza","CCNA2",5.939608514
"Influenza","BIRC5",5.49839701
"Influenza","BUB1B",4.532608247
"Influenza","KIF2C",4.12019249
"Influenza","MELK",4.83999495
"Influenza","TTK",4.832495976
"Influenza","CCNA2",4.865466868
"Influenza","BIRC5",4.227980367
"Influenza","BUB1B",4.894465022
"Influenza","KIF2C",5.666487978
"Influenza","MELK",3.818564793
"Healthy_Flu","TTK",4.698502716
"Healthy_Flu","CCNA2",4.795786677
"Healthy_Flu","BIRC5",4.469408914
"Healthy_Flu","BUB1B",4.370376409
"Healthy_Flu","KIF2C",4.561120415
"Healthy_Flu","MELK",4.677836347
"Influenza","TTK",4.321673099
"Influenza","CCNA2",5.372963006
"Influenza","BIRC5",4.760976948
"Influenza","BUB1B",4.840005543
"Influenza","KIF2C",5.117683999
"Influenza","MELK",4.851854196
"Influenza","TTK",4.431504192
"Influenza","CCNA2",4.984025698
"Influenza","BIRC5",4.537432428
"Influenza","BUB1B",4.802956214
"Influenza","KIF2C",4.739824185
"Influenza","MELK",4.571320365
"Influenza","TTK",5.147899093
"Influenza","CCNA2",6.031240609
"Influenza","BIRC5",5.558051207
"Influenza","BUB1B",4.763506636
"Influenza","KIF2C",4.904527185
"Influenza","MELK",5.234807042
"Influenza","TTK",5.40739341
"Influenza","CCNA2",5.74655805
"Influenza","BIRC5",5.154472451
"Influenza","BUB1B",4.778455992
"Influenza","KIF2C",5.1661544
"Influenza","MELK",4.940533776
"Influenza","TTK",4.723357808
"Influenza","CCNA2",4.848113355
"Influenza","BIRC5",4.353721005
"Influenza","BUB1B",4.478943349
"Influenza","KIF2C",5.620651921
"Influenza","MELK",4.825434621
"Influenza","TTK",4.660514208
"Influenza","CCNA2",4.664547452
"Influenza","BIRC5",4.707214216
"Influenza","BUB1B",4.793303323
"Influenza","KIF2C",3.877589347
"Influenza","MELK",4.847592384
"Healthy_Flu","TTK",4.728201174
"Healthy_Flu","CCNA2",4.884823024
"Healthy_Flu","BIRC5",4.721205087
"Healthy_Flu","BUB1B",4.714631403
"Healthy_Flu","KIF2C",4.475210683
"Healthy_Flu","MELK",4.434979721
"Influenza","TTK",5.162900405
"Influenza","CCNA2",5.755755408
"Influenza","BIRC5",5.536018896
"Influenza","BUB1B",4.862778811
"Influenza","KIF2C",5.257115927
"Influenza","MELK",5.612678005
"Influenza","TTK",4.364433266
"Influenza","CCNA2",4.70150754
"Influenza","BIRC5",4.364433266
"Influenza","BUB1B",4.605077206
"Influenza","KIF2C",4.483854721
"Influenza","MELK",4.637122681
"Influenza","TTK",4.833543896
"Influenza","CCNA2",5.489029354
"Influenza","BIRC5",4.973775832
"Influenza","BUB1B",4.422782867
"Influenza","KIF2C",4.698340419
"Influenza","MELK",5.171006474
"Influenza","TTK",4.250576892
"Influenza","CCNA2",5.745558141
"Influenza","BIRC5",5.090202197
"Influenza","BUB1B",4.802647489
"Influenza","KIF2C",4.625343531
"Influenza","MELK",4.790648973
"Healthy_Flu","TTK",4.439459077
"Healthy_Flu","CCNA2",4.973201235
"Healthy_Flu","BIRC5",4.298790169
"Healthy_Flu","BUB1B",4.487997567
"Healthy_Flu","KIF2C",4.530809168
"Healthy_Flu","MELK",4.883166241
"Influenza","TTK",4.14481523
"Influenza","CCNA2",5.033559808
"Influenza","BIRC5",4.403738883
"Influenza","BUB1B",4.501301383
"Influenza","KIF2C",4.677651823
"Influenza","MELK",4.874630027
"Healthy_Flu","TTK",4.064991692
"Healthy_Flu","CCNA2",5.018825146
"Healthy_Flu","BIRC5",4.579754828
"Healthy_Flu","BUB1B",4.574044286
"Healthy_Flu","KIF2C",4.181188157
"Healthy_Flu","MELK",4.727198901
"Influenza","TTK",5.241857126
"Influenza","CCNA2",5.734709266
"Influenza","BIRC5",5.381201745
"Influenza","BUB1B",4.743369437
"Influenza","KIF2C",5.404439692
"Influenza","MELK",5.540216546
"Healthy_Flu","TTK",4.587703287
"Healthy_Flu","CCNA2",5.131521617
"Healthy_Flu","BIRC5",4.079754673
"Healthy_Flu","BUB1B",5.105462084
"Healthy_Flu","KIF2C",4.334502605
"Healthy_Flu","MELK",4.546678023
"Influenza","TTK",4.522367691
"Influenza","CCNA2",4.62758624
"Influenza","BIRC5",3.123405416
"Influenza","BUB1B",5.069906791
"Influenza","KIF2C",4.598482017
"Influenza","MELK",4.62758624
"Influenza","TTK",4.944500651
"Influenza","CCNA2",5.320424174
"Influenza","BIRC5",5.357099175
"Influenza","BUB1B",4.969851027
"Influenza","KIF2C",4.748987097
"Influenza","MELK",4.773576426
"Influenza","TTK",5.362419034
"Influenza","CCNA2",6.556015705
"Influenza","BIRC5",6.411100411
"Influenza","BUB1B",5.228500493
"Influenza","KIF2C",5.885620176
"Influenza","MELK",6.025240037
"Influenza","TTK",5.434417214
"Influenza","CCNA2",5.258423397
"Influenza","BIRC5",4.712667433
"Influenza","BUB1B",5.072934246
"Influenza","KIF2C",4.524297743
"Influenza","MELK",4.809684357
"Influenza","TTK",5.193131018
"Influenza","CCNA2",5.18210854
"Influenza","BIRC5",3.958046405
"Influenza","BUB1B",4.903123055
"Influenza","KIF2C",4.314132375
"Influenza","MELK",4.447105494
"Influenza","TTK",5.01123464
"Influenza","CCNA2",5.431773838
"Influenza","BIRC5",4.944749312
"Influenza","BUB1B",4.999101945
"Influenza","KIF2C",5.128231203
"Influenza","MELK",5.029450135
"Influenza","TTK",5.177125967
"Influenza","CCNA2",5.76505596
"Influenza","BIRC5",5.509280453
"Influenza","BUB1B",4.619326284
"Influenza","KIF2C",4.913987725
"Influenza","MELK",5.123177417
"Healthy_Flu","TTK",4.68354592
"Healthy_Flu","CCNA2",4.907458214
"Healthy_Flu","BIRC5",4.45311952
"Healthy_Flu","BUB1B",4.384464984
"Healthy_Flu","KIF2C",4.630974537
"Healthy_Flu","MELK",4.639276256
"Influenza","TTK",4.963734045
"Influenza","CCNA2",5.391937833
"Influenza","BIRC5",4.366774007
"Influenza","BUB1B",4.955137924
"Influenza","KIF2C",4.636131333
"Influenza","MELK",4.09427969
"Influenza","TTK",4.594063858
"Influenza","CCNA2",5.649937395
"Influenza","BIRC5",4.896222068
"Influenza","BUB1B",4.784018735
"Influenza","KIF2C",4.835366919
"Influenza","MELK",4.293233506
"Influenza","TTK",4.988687337
"Influenza","CCNA2",5.883076762
"Influenza","BIRC5",5.407131266
"Influenza","BUB1B",4.894508866
"Influenza","KIF2C",5.210368081
"Influenza","MELK",5.159345096
"Influenza","TTK",5.268774288
"Influenza","CCNA2",5.81777238
"Influenza","BIRC5",5.271791868
"Influenza","BUB1B",4.428501665
"Influenza","KIF2C",5.057232781
"Influenza","MELK",4.697138643
"Influenza","TTK",4.64786927
"Influenza","CCNA2",4.839789019
"Influenza","BIRC5",4.423082469
"Influenza","BUB1B",4.36066349
"Influenza","KIF2C",4.284644123
"Influenza","MELK",4.501146527
"Healthy_Flu","TTK",3.574479668
"Healthy_Flu","CCNA2",5.271116846
"Healthy_Flu","BIRC5",4.933951464
"Healthy_Flu","BUB1B",4.983731419
"Healthy_Flu","KIF2C",4.225358658
"Healthy_Flu","MELK",3.903871977
"Influenza","TTK",5.231028765
"Influenza","CCNA2",5.428564695
"Influenza","BIRC5",4.510744475
"Influenza","BUB1B",5.409732451
"Influenza","KIF2C",4.968789376
"Influenza","MELK",4.546504912
"Healthy_Flu","TTK",4.740222932
"Healthy_Flu","CCNA2",5.246577054
"Healthy_Flu","BIRC5",4.673511109
"Healthy_Flu","BUB1B",4.295974376
"Healthy_Flu","KIF2C",4.383663992
"Healthy_Flu","MELK",4.740222932
"Influenza","TTK",4.542922569
"Influenza","CCNA2",5.182654533
"Influenza","BIRC5",5.301406718
"Influenza","BUB1B",4.413525482
"Influenza","KIF2C",4.499339191
"Influenza","MELK",4.960388554
"Influenza","TTK",4.40391642
"Influenza","CCNA2",5.008632339
"Influenza","BIRC5",4.293184607
"Influenza","BUB1B",3.420011617
"Influenza","KIF2C",4.887702467
"Influenza","MELK",5.08809201
"Influenza","TTK",5.167856312
"Influenza","CCNA2",5.93915945
"Influenza","BIRC5",5.987333869
"Influenza","BUB1B",5.164793065
"Influenza","KIF2C",4.928727401
"Influenza","MELK",5.56719182
"Influenza","TTK",5.301406718
"Influenza","CCNA2",5.168020294
"Influenza","BIRC5",4.614366773
"Influenza","BUB1B",5.113080219
"Influenza","KIF2C",4.983145434
"Influenza","MELK",5.022130149
"Healthy_Flu","TTK",4.543974212
"Healthy_Flu","CCNA2",4.835513374
"Healthy_Flu","BIRC5",4.646335321
"Healthy_Flu","BUB1B",4.714631403
"Healthy_Flu","KIF2C",4.306578081
"Healthy_Flu","MELK",4.520677731
"Healthy_Flu","TTK",4.855284282
"Healthy_Flu","CCNA2",5.195659322
"Healthy_Flu","BIRC5",4.154701962
"Healthy_Flu","BUB1B",4.733371147
"Healthy_Flu","KIF2C",4.413525482
"Healthy_Flu","MELK",4.900433264
"Healthy_Flu","TTK",4.553669594
"Healthy_Flu","CCNA2",4.273289969
"Healthy_Flu","BIRC5",3.60726975
"Healthy_Flu","BUB1B",4.419254018
"Healthy_Flu","KIF2C",4.281822184
"Healthy_Flu","MELK",4.90027269
"Influenza","TTK",5.650221462
"Influenza","CCNA2",5.851066729
"Influenza","BIRC5",5.148951053
"Influenza","BUB1B",4.554374371
"Influenza","KIF2C",5.241731362
"Influenza","MELK",5.674835934
"Influenza","TTK",4.565384218
"Influenza","CCNA2",4.89533666
"Influenza","BIRC5",4.966828365
"Influenza","BUB1B",4.125826863
"Influenza","KIF2C",4.783074864
"Influenza","MELK",4.823682026
"Influenza","TTK",4.561474275
"Influenza","CCNA2",5.030632316
"Influenza","BIRC5",4.657378106
"Influenza","BUB1B",4.847923072
"Influenza","KIF2C",4.683221611
"Influenza","MELK",3.994451389
"Healthy_Flu","TTK",4.746011356
"Healthy_Flu","CCNA2",5.062935944
"Healthy_Flu","BIRC5",4.271405568
"Healthy_Flu","BUB1B",4.230333606
"Healthy_Flu","KIF2C",4.841401803
"Healthy_Flu","MELK",4.516160411
"Influenza","TTK",5.37005528
"Influenza","CCNA2",6.668970595
"Influenza","BIRC5",5.491612894
"Influenza","BUB1B",4.859543955
"Influenza","KIF2C",5.390426965
"Influenza","MELK",6.025496745
"Influenza","TTK",4.820110479
"Influenza","CCNA2",5.048356112
"Influenza","BIRC5",4.731808101
"Influenza","BUB1B",5.320499797
"Influenza","KIF2C",4.540516869
"Influenza","MELK",4.496751068
"Healthy_Flu","TTK",5.000089886
"Healthy_Flu","CCNA2",5.034094448
"Healthy_Flu","BIRC5",4.740040689
"Healthy_Flu","BUB1B",4.765481343
"Healthy_Flu","KIF2C",4.665081814
"Healthy_Flu","MELK",4.704001614
"Influenza","TTK",5.229000549
"Influenza","CCNA2",5.686279509
"Influenza","BIRC5",5.429841233
"Influenza","BUB1B",4.882320331
"Influenza","KIF2C",4.926828544
"Influenza","MELK",5.299724069
"Healthy_Flu","TTK",4.861999565
"Healthy_Flu","CCNA2",4.85403324
"Healthy_Flu","BIRC5",4.660256871
"Healthy_Flu","BUB1B",4.829583918
"Healthy_Flu","KIF2C",4.437482755
"Healthy_Flu","MELK",4.87826582
"Influenza","TTK",4.882267587
"Influenza","CCNA2",5.701228567
"Influenza","BIRC5",5.589205739
"Influenza","BUB1B",4.437407659
"Influenza","KIF2C",4.941921513
"Influenza","MELK",4.808011074
"Influenza","TTK",4.133665067
"Influenza","CCNA2",4.791890258
"Influenza","BIRC5",4.826214055
"Influenza","BUB1B",4.826214055
"Influenza","KIF2C",4.791890258
"Influenza","MELK",4.721480199
"Healthy_Flu","TTK",4.877129771
"Healthy_Flu","CCNA2",5.312835277
"Healthy_Flu","BIRC5",4.504791107
"Healthy_Flu","BUB1B",5.239569536
"Healthy_Flu","KIF2C",4.221686199
"Healthy_Flu","MELK",4.510438413
"Healthy_Flu","TTK",4.587862983
"Healthy_Flu","CCNA2",5.035142885
"Healthy_Flu","BIRC5",4.671832892
"Healthy_Flu","BUB1B",4.942166357
"Healthy_Flu","KIF2C",4.964631811
"Healthy_Flu","MELK",4.898364406
"Influenza","TTK",4.507875135
"Influenza","CCNA2",5.077670769
"Influenza","BIRC5",5.436975824
"Influenza","BUB1B",4.520061357
"Influenza","KIF2C",4.991358714
"Influenza","MELK",4.366940779
"Influenza","TTK",4.498716194
"Influenza","CCNA2",5.967691498
"Influenza","BIRC5",4.871389532
"Influenza","BUB1B",4.789401623
"Influenza","KIF2C",4.778667039
"Influenza","MELK",4.885134108
"Healthy_Flu","TTK",4.254156788
"Healthy_Flu","CCNA2",5.174098689
"Healthy_Flu","BIRC5",4.701717966
"Healthy_Flu","BUB1B",5.131724652
"Healthy_Flu","KIF2C",4.291662031
"Healthy_Flu","MELK",4.07930262
"Healthy_Flu","TTK",4.921028929
"Healthy_Flu","CCNA2",5.218764136
"Healthy_Flu","BIRC5",4.063953371
"Healthy_Flu","BUB1B",4.762707269
"Healthy_Flu","KIF2C",3.995937269
"Healthy_Flu","MELK",4.105670035
"Influenza","TTK",4.779815785
"Influenza","CCNA2",6.200319939
"Influenza","BIRC5",5.113581915
"Influenza","BUB1B",5.100051261
"Influenza","KIF2C",4.991670936
"Influenza","MELK",5.331451051
"Influenza","TTK",6.633939519
"Influenza","CCNA2",7.292455667
"Influenza","BIRC5",6.8830722
"Influenza","BUB1B",5.702448079
"Influenza","KIF2C",6.470307113
"Influenza","MELK",6.137356915
"Healthy_Flu","TTK",4.447314096
"Healthy_Flu","CCNA2",4.650832919
"Healthy_Flu","BIRC5",4.787583489
"Healthy_Flu","BUB1B",4.650832919
"Healthy_Flu","KIF2C",4.757251293
"Healthy_Flu","MELK",4.140655667
"Influenza","TTK",4.242618016
"Influenza","CCNA2",4.822564941
"Influenza","BIRC5",4.744977107
"Influenza","BUB1B",4.443855149
"Influenza","KIF2C",4.432008366
"Influenza","MELK",4.485429782
"Influenza","TTK",5.073620451
"Influenza","CCNA2",6.086669782
"Influenza","BIRC5",5.885808546
"Influenza","BUB1B",4.99291703
"Influenza","KIF2C",5.195595673
"Influenza","MELK",5.32879685
"Influenza","TTK",5.662392534
"Influenza","CCNA2",5.357490542
"Influenza","BIRC5",3.82388347
"Influenza","BUB1B",4.430324773
"Influenza","KIF2C",4.5093145
"Influenza","MELK",4.868652484
"Influenza","TTK",4.433259885
"Influenza","CCNA2",5.387429536
"Influenza","BIRC5",4.732964208
"Influenza","BUB1B",4.557269054
"Influenza","KIF2C",4.717521473
"Influenza","MELK",4.917923734
"Influenza","TTK",4.2417296
"Influenza","CCNA2",4.362989369
"Influenza","BIRC5",5.110950872
"Influenza","BUB1B",4.5782983
"Influenza","KIF2C",4.179104073
"Influenza","MELK",4.848548735
"Influenza","TTK",4.677416843
"Influenza","CCNA2",5.946673288
"Influenza","BIRC5",5.069556655
"Influenza","BUB1B",4.844962954
"Influenza","KIF2C",3.853904036
"Influenza","MELK",4.434301345
"Healthy_Flu","TTK",4.025900534
"Healthy_Flu","CCNA2",5.286338831
"Healthy_Flu","BIRC5",5.309298021
"Healthy_Flu","BUB1B",4.773344704
"Healthy_Flu","KIF2C",4.025900534
"Healthy_Flu","MELK",5.072561237
"Healthy_Flu","TTK",4.303442742
"Healthy_Flu","CCNA2",4.851115332
"Healthy_Flu","BIRC5",4.223695065
"Healthy_Flu","BUB1B",4.777473777
"Healthy_Flu","KIF2C",4.575051257
"Healthy_Flu","MELK",4.715582408
"Influenza","TTK",6.046724733
"Influenza","CCNA2",5.657170043
"Influenza","BIRC5",5.253004884
"Influenza","BUB1B",4.947146416
"Influenza","KIF2C",4.649004756
"Influenza","MELK",4.785064707
"Healthy_Flu","TTK",5.133828101
"Healthy_Flu","CCNA2",4.731379944
"Healthy_Flu","BIRC5",4.262547153
"Healthy_Flu","BUB1B",4.569097005
"Healthy_Flu","KIF2C",4.473421189
"Healthy_Flu","MELK",4.527341742
"Influenza","TTK",4.435314792
"Influenza","CCNA2",5.402311422
"Influenza","BIRC5",4.129519196
"Influenza","BUB1B",4.321468359
"Influenza","KIF2C",4.405009608
"Influenza","MELK",4.977972931
"Influenza","TTK",5.394776623
"Influenza","CCNA2",6.553298526
"Influenza","BIRC5",5.48260507
"Influenza","BUB1B",4.94723114
"Influenza","KIF2C",5.453869307
"Influenza","MELK",5.094223405
"Influenza","TTK",5.374730254
"Influenza","CCNA2",5.584671842
"Influenza","BIRC5",4.900707744
"Influenza","BUB1B",5.021751993
"Influenza","KIF2C",3.82251534
"Influenza","MELK",4.739535838
"Healthy_Flu","TTK",4.683804838
"Healthy_Flu","CCNA2",3.751754585
"Healthy_Flu","BIRC5",2.883264577
"Healthy_Flu","BUB1B",4.853514542
"Healthy_Flu","KIF2C",4.622867754
"Healthy_Flu","MELK",4.451364291
"Influenza","TTK",5.294371588
"Influenza","CCNA2",5.869263045
"Influenza","BIRC5",5.203697872
"Influenza","BUB1B",4.717984509
"Influenza","KIF2C",4.823464317
"Influenza","MELK",5.320095402
"Influenza","TTK",4.634763335
"Influenza","CCNA2",5.706794431
"Influenza","BIRC5",4.629839619
"Influenza","BUB1B",4.64539852
"Influenza","KIF2C",4.260740936
"Influenza","MELK",4.901090179
"Influenza","TTK",6.671974646
"Influenza","CCNA2",7.21102439
"Influenza","BIRC5",5.972954577
"Influenza","BUB1B",5.60875898
"Influenza","KIF2C",5.942214411
"Influenza","MELK",5.732794004
"Influenza","TTK",3.95595377
"Influenza","CCNA2",5.52770464
"Influenza","BIRC5",4.093646506
"Influenza","BUB1B",4.56444198
"Influenza","KIF2C",4.200732891
"Influenza","MELK",4.531269645
"Influenza","TTK",4.772174947
"Influenza","CCNA2",5.025355645
"Influenza","BIRC5",4.628404069
"Influenza","BUB1B",4.65644297
"Influenza","KIF2C",4.284712338
"Influenza","MELK",4.748373202
"Healthy_Flu","TTK",4.502065324
"Healthy_Flu","CCNA2",4.637134346
"Healthy_Flu","BIRC5",4.549540927
"Healthy_Flu","BUB1B",5.067635539
"Healthy_Flu","KIF2C",4.389282851
"Healthy_Flu","MELK",5.081478454
"Healthy_Flu","TTK",4.693908119
"Healthy_Flu","CCNA2",4.797111425
"Healthy_Flu","BIRC5",4.298987051
"Healthy_Flu","BUB1B",4.980960489
"Healthy_Flu","KIF2C",4.744086025
"Healthy_Flu","MELK",4.42186507
"Healthy_Flu","TTK",4.982373185
"Healthy_Flu","CCNA2",5.238824464
"Healthy_Flu","BIRC5",4.352726919
"Healthy_Flu","BUB1B",4.616299493
"Healthy_Flu","KIF2C",4.405941564
"Healthy_Flu","MELK",4.602628008
"Influenza","TTK",4.833965044
"Influenza","CCNA2",5.280449869
"Influenza","BIRC5",4.925859405
"Influenza","BUB1B",5.267635585
"Influenza","KIF2C",4.997036806
"Influenza","MELK",4.874987322
"Influenza","TTK",5.60673633
"Influenza","CCNA2",6.155298127
"Influenza","BIRC5",5.448874577
"Influenza","BUB1B",5.182531092
"Influenza","KIF2C",5.561037976
"Influenza","MELK",5.828728223
"Influenza","TTK",6.611251739
"Influenza","CCNA2",7.40661408
"Influenza","BIRC5",6.142729792
"Influenza","BUB1B",5.47498432
"Influenza","KIF2C",5.641390773
"Influenza","MELK",6.020229606
"Influenza","TTK",5.710103855
"Influenza","CCNA2",6.447166116
"Influenza","BIRC5",5.41833674
"Influenza","BUB1B",5.088559014
"Influenza","KIF2C",5.036668702
"Influenza","MELK",5.55944082
"Healthy_Flu","TTK",4.546584117
"Healthy_Flu","CCNA2",5.127687896
"Healthy_Flu","BIRC5",4.535919152
"Healthy_Flu","BUB1B",4.566934481
"Healthy_Flu","KIF2C",4.509281139
"Healthy_Flu","MELK",4.768643367
"Influenza","TTK",6.268843138
"Influenza","CCNA2",8.148704009
"Influenza","BIRC5",7.887450398
"Influenza","BUB1B",5.708133136
"Influenza","KIF2C",5.982522951
"Influenza","MELK",6.709364982
"Influenza","TTK",4.871621145
"Influenza","CCNA2",5.996361513
"Influenza","BIRC5",5.098367316
"Influenza","BUB1B",4.733752747
"Influenza","KIF2C",4.352025032
"Influenza","MELK",5.417475847
"Healthy_Flu","TTK",5.030812356
"Healthy_Flu","CCNA2",5.119749089
"Healthy_Flu","BIRC5",4.292631427
"Healthy_Flu","BUB1B",4.879424887
"Healthy_Flu","KIF2C",4.597880025
"Healthy_Flu","MELK",4.985174751
"Influenza","TTK",4.973152961
"Influenza","CCNA2",5.206528748
"Influenza","BIRC5",4.798939043
"Influenza","BUB1B",4.89891363
"Influenza","KIF2C",4.152031546
"Influenza","MELK",3.932980323
"Healthy_Flu","TTK",4.46520475
"Healthy_Flu","CCNA2",5.10364299
"Healthy_Flu","BIRC5",4.392114719
"Healthy_Flu","BUB1B",4.371325345
"Healthy_Flu","KIF2C",4.864940884
"Healthy_Flu","MELK",4.452372817
"Influenza","TTK",5.659271974
"Influenza","CCNA2",6.587415974
"Influenza","BIRC5",6.332793804
"Influenza","BUB1B",4.812651012
"Influenza","KIF2C",5.05715603
"Influenza","MELK",5.869006028
"Influenza","TTK",5.429372115
"Influenza","CCNA2",6.318648221
"Influenza","BIRC5",5.315277516
"Influenza","BUB1B",4.892142145
"Influenza","KIF2C",5.421130515
"Influenza","MELK",5.754801335
"Influenza","TTK",5.192260287
"Influenza","CCNA2",5.175123416
"Influenza","BIRC5",4.637832494
"Influenza","BUB1B",5.175123416
"Influenza","KIF2C",4.86430343
"Influenza","MELK",4.931228991
"Influenza","TTK",4.669391773
"Influenza","CCNA2",5.543667453
"Influenza","BIRC5",4.596018299
"Influenza","BUB1B",4.49739976
"Influenza","KIF2C",4.227105658
"Influenza","MELK",4.227105658
"Healthy_Flu","TTK",5.187348154
"Healthy_Flu","CCNA2",4.766459418
"Healthy_Flu","BIRC5",4.558629191
"Healthy_Flu","BUB1B",4.878470557
"Healthy_Flu","KIF2C",4.493037373
"Healthy_Flu","MELK",4.69454957
"Influenza","TTK",5.368885003
"Influenza","CCNA2",5.87896468
"Influenza","BIRC5",5.314179788
"Influenza","BUB1B",5.073419331
"Influenza","KIF2C",4.552739469
"Influenza","MELK",5.020678785
"Healthy_Flu","TTK",4.481045903
"Healthy_Flu","CCNA2",4.504670768
"Healthy_Flu","BIRC5",2.424730129
"Healthy_Flu","BUB1B",4.788367661
"Healthy_Flu","KIF2C",4.375278271
"Healthy_Flu","MELK",4.487301726
"Influenza","TTK",5.435006934
"Influenza","CCNA2",5.866277978
"Influenza","BIRC5",5.507515208
"Influenza","BUB1B",4.749423901
"Influenza","KIF2C",5.707384512
"Influenza","MELK",5.611981952
"Influenza","TTK",4.852094008
"Influenza","CCNA2",5.335564186
"Influenza","BIRC5",5.048793045
"Influenza","BUB1B",5.035561823
"Influenza","KIF2C",4.945598511
"Influenza","MELK",5.360979779
"Influenza","TTK",4.976432796
"Influenza","CCNA2",5.695062811
"Influenza","BIRC5",5.188350089
"Influenza","BUB1B",4.792942981
"Influenza","KIF2C",4.713883665
"Influenza","MELK",5.279447161
"Healthy_Flu","TTK",4.596718952
"Healthy_Flu","CCNA2",5.166836808
"Healthy_Flu","BIRC5",4.403059097
"Healthy_Flu","BUB1B",4.655159302
"Healthy_Flu","KIF2C",4.669690599
"Healthy_Flu","MELK",4.863792626
"Influenza","TTK",5.025921701
"Influenza","CCNA2",5.334068611
"Influenza","BIRC5",4.62726506
"Influenza","BUB1B",4.374474291
"Influenza","KIF2C",4.502325797
"Influenza","MELK",5.006636412
"Influenza","TTK",4.812015503
"Influenza","CCNA2",4.701787837
"Influenza","BIRC5",4.605728908
"Influenza","BUB1B",4.76799666
"Influenza","KIF2C",4.110872331
"Influenza","MELK",4.838694456
"Healthy_Flu","TTK",4.696003805
"Healthy_Flu","CCNA2",4.972962864
"Healthy_Flu","BIRC5",4.564969819
"Healthy_Flu","BUB1B",4.141165813
"Healthy_Flu","KIF2C",4.643306155
"Healthy_Flu","MELK",4.998193937
"Influenza","TTK",4.963543216
"Influenza","CCNA2",5.508389308
"Influenza","BIRC5",4.439070733
"Influenza","BUB1B",4.108072977
"Influenza","KIF2C",4.45302173
"Influenza","MELK",4.692833587
"Influenza","TTK",5.968707318
"Influenza","CCNA2",7.071213981
"Influenza","BIRC5",6.550131734
"Influenza","BUB1B",5.04420577
"Influenza","KIF2C",6.089450776
"Influenza","MELK",6.50723887
"Influenza","TTK",5.338580619
"Influenza","CCNA2",5.661827617
"Influenza","BIRC5",5.135971714
"Influenza","BUB1B",4.937835759
"Influenza","KIF2C",4.775513224
"Influenza","MELK",5.452744852
"Healthy_Flu","TTK",4.881382915
"Healthy_Flu","CCNA2",4.726897933
"Healthy_Flu","BIRC5",3.975842272
"Healthy_Flu","BUB1B",4.245988313
"Healthy_Flu","KIF2C",4.68727506
"Healthy_Flu","MELK",4.179909502
"Healthy_Flu","TTK",4.452028321
"Healthy_Flu","CCNA2",4.408861818
"Healthy_Flu","BIRC5",4.541540036
"Healthy_Flu","BUB1B",4.649397176
"Healthy_Flu","KIF2C",4.729910211
"Healthy_Flu","MELK",4.166535335
"Healthy_Flu","TTK",4.379509048
"Healthy_Flu","CCNA2",4.778795954
"Healthy_Flu","BIRC5",4.834123983
"Healthy_Flu","BUB1B",4.728823981
"Healthy_Flu","KIF2C",4.205771634
"Healthy_Flu","MELK",4.662365652
"Healthy_Flu","TTK",4.816141043
"Healthy_Flu","CCNA2",4.90027269
"Healthy_Flu","BIRC5",4.070327966
"Healthy_Flu","BUB1B",5.346029112
"Healthy_Flu","KIF2C",4.249535923
"Healthy_Flu","MELK",4.62734801
"Influenza","TTK",5.346300222
"Influenza","CCNA2",6.235806552
"Influenza","BIRC5",5.742857127
"Influenza","BUB1B",5.164470659
"Influenza","KIF2C",5.634706558
"Influenza","MELK",5.17764197
"Influenza","TTK",5.995181431
"Influenza","CCNA2",6.909768783
"Influenza","BIRC5",6.188561039
"Influenza","BUB1B",5.345182281
"Influenza","KIF2C",5.610166402
"Influenza","MELK",6.217330187
"Influenza","TTK",5.461878922
"Influenza","CCNA2",5.668577321
"Influenza","BIRC5",5.386046985
"Influenza","BUB1B",5.386046985
"Influenza","KIF2C",4.963543216
"Influenza","MELK",5.296222868
"Influenza","TTK",4.974225681
"Influenza","CCNA2",4.994260142
"Influenza","BIRC5",4.602483741
"Influenza","BUB1B",5.022023945
"Influenza","KIF2C",4.825672069
"Influenza","MELK",5.022023945
"Influenza","TTK",5.04030248
"Influenza","CCNA2",6.094136041
"Influenza","BIRC5",5.145733496
"Influenza","BUB1B",4.918972287
"Influenza","KIF2C",5.36800664
"Influenza","MELK",5.79808884
"Healthy_Flu","TTK",4.744449971
"Healthy_Flu","CCNA2",4.849983065
"Healthy_Flu","BIRC5",4.950886094
"Healthy_Flu","BUB1B",4.683404456
"Healthy_Flu","KIF2C",4.298938073
"Healthy_Flu","MELK",4.665842665
"Influenza","TTK",4.522543424
"Influenza","CCNA2",5.881196048
"Influenza","BIRC5",5.117299859
"Influenza","BUB1B",4.225268843
"Influenza","KIF2C",4.978128218
"Influenza","MELK",5.184948488
"Healthy_Flu","TTK",4.708931086
"Healthy_Flu","CCNA2",5.089908497
"Healthy_Flu","BIRC5",4.257292925
"Healthy_Flu","BUB1B",4.639270902
"Healthy_Flu","KIF2C",4.570222458
"Healthy_Flu","MELK",4.417462406
"Influenza","TTK",5.393299444
"Influenza","CCNA2",6.230707526
"Influenza","BIRC5",5.815225565
"Influenza","BUB1B",5.074925358
"Influenza","KIF2C",5.339966623
"Influenza","MELK",5.670769861
"Influenza","TTK",4.466037945
"Influenza","CCNA2",4.919545316
"Influenza","BIRC5",4.236482954
"Influenza","BUB1B",4.745995351
"Influenza","KIF2C",4.494595285
"Influenza","MELK",4.672612779
"Healthy_Flu","TTK",5.065719902
"Healthy_Flu","CCNA2",4.930299319
"Healthy_Flu","BIRC5",4.421448035
"Healthy_Flu","BUB1B",4.740178654
"Healthy_Flu","KIF2C",4.484185499
"Healthy_Flu","MELK",4.500913449
"Influenza","TTK",4.400147815
"Influenza","CCNA2",4.89811249
"Influenza","BIRC5",3.496760154
"Influenza","BUB1B",4.459034253
"Influenza","KIF2C",4.89811249
"Influenza","MELK",4.602078944
"Influenza","TTK",4.632034499
"Influenza","CCNA2",5.373183339
"Influenza","BIRC5",3.455689709
"Influenza","BUB1B",5.142078586
"Influenza","KIF2C",4.784018735
"Influenza","MELK",4.461420064
"Healthy_Flu","TTK",4.468966902
"Healthy_Flu","CCNA2",4.91738382
"Healthy_Flu","BIRC5",3.894022589
"Healthy_Flu","BUB1B",4.888924591
"Healthy_Flu","KIF2C",4.406254714
"Healthy_Flu","MELK",4.256719055
"Influenza","TTK",6.206126835
"Influenza","CCNA2",7.196995906
"Influenza","BIRC5",5.967691498
"Influenza","BUB1B",5.477300479
"Influenza","KIF2C",6.100258277
"Influenza","MELK",6.018663543
"Influenza","TTK",4.119728095
"Influenza","CCNA2",4.733329288
"Influenza","BIRC5",4.055083404
"Influenza","BUB1B",4.717678475
"Influenza","KIF2C",4.502424507
"Influenza","MELK",4.486648794
"Healthy_Flu","TTK",4.693829615
"Healthy_Flu","CCNA2",4.951350905
"Healthy_Flu","BIRC5",4.668980534
"Healthy_Flu","BUB1B",4.693829615
"Healthy_Flu","KIF2C",4.877165091
"Healthy_Flu","MELK",4.780446589
"Influenza","TTK",4.748919909
"Influenza","CCNA2",5.908724318
"Influenza","BIRC5",5.250620004
"Influenza","BUB1B",4.692780462
"Influenza","KIF2C",4.388023062
"Influenza","MELK",5.134927994
"Influenza","TTK",5.499652686
"Influenza","CCNA2",5.865993396
"Influenza","BIRC5",5.680534707
"Influenza","BUB1B",4.514639657
"Influenza","KIF2C",5.240335857
"Influenza","MELK",5.380428363
"Influenza","TTK",4.576558804
"Influenza","CCNA2",5.652791532
"Influenza","BIRC5",4.937958716
"Influenza","BUB1B",4.894278902
"Influenza","KIF2C",4.605760021
"Influenza","MELK",4.744286691
"Healthy_Flu","TTK",5.054880391
"Healthy_Flu","CCNA2",4.593934435
"Healthy_Flu","BIRC5",4.399369766
"Healthy_Flu","BUB1B",4.432169276
"Healthy_Flu","KIF2C",4.45851578
"Healthy_Flu","MELK",4.148767669
"Healthy_Flu","TTK",4.517969297
"Healthy_Flu","CCNA2",5.423370309
"Healthy_Flu","BIRC5",4.347242029
"Healthy_Flu","BUB1B",4.256748913
"Healthy_Flu","KIF2C",4.578423672
"Healthy_Flu","MELK",4.036429106
"Influenza","TTK",4.858507461
"Influenza","CCNA2",5.886180885
"Influenza","BIRC5",4.611443602
"Influenza","BUB1B",5.004033901
"Influenza","KIF2C",4.868405729
"Influenza","MELK",4.565137927
"Influenza","TTK",5.411175988
"Influenza","CCNA2",6.164855709
"Influenza","BIRC5",5.469255968
"Influenza","BUB1B",4.952876207
"Influenza","KIF2C",5.214450566
"Influenza","MELK",5.210782386
"Healthy_Flu","TTK",4.271469271
"Healthy_Flu","CCNA2",5.06817743
"Healthy_Flu","BIRC5",4.534040616
"Healthy_Flu","BUB1B",4.55152005
"Healthy_Flu","KIF2C",4.650476705
"Healthy_Flu","MELK",4.640347527
"Healthy_Flu","TTK",4.448342835
"Healthy_Flu","CCNA2",4.994830371
"Healthy_Flu","BIRC5",4.730979772
"Healthy_Flu","BUB1B",4.595893477
"Healthy_Flu","KIF2C",4.549641121
"Healthy_Flu","MELK",4.529754665
"Influenza","TTK",4.632948769
"Influenza","CCNA2",5.291683571
"Influenza","BIRC5",4.307092232
"Influenza","BUB1B",4.586758956
"Influenza","KIF2C",4.594447224
"Influenza","MELK",4.532850785
"Healthy_Flu","TTK",4.67382837
"Healthy_Flu","CCNA2",4.791311883
"Healthy_Flu","BIRC5",4.808955335
"Healthy_Flu","BUB1B",4.720658038
"Healthy_Flu","KIF2C",4.54737438
"Healthy_Flu","MELK",4.572697055
"Influenza","TTK",4.639077938
"Influenza","CCNA2",4.824116454
"Influenza","BIRC5",4.808052431
"Influenza","BUB1B",4.860213773
"Influenza","KIF2C",4.736337041
"Influenza","MELK",4.683214781
"Healthy_Flu","TTK",4.558781998
"Healthy_Flu","CCNA2",4.816342721
"Healthy_Flu","BIRC5",4.664235673
"Healthy_Flu","BUB1B",4.645651655
"Healthy_Flu","KIF2C",5.039597211
"Healthy_Flu","MELK",4.771626454
"Influenza","TTK",5.239486957
"Influenza","CCNA2",5.456839535
"Influenza","BIRC5",4.993421126
"Influenza","BUB1B",4.472683322
"Influenza","KIF2C",3.941003244
"Influenza","MELK",4.531411702
"Influenza","TTK",4.574189881
"Influenza","CCNA2",5.321215603
"Influenza","BIRC5",4.750493508
"Influenza","BUB1B",4.906190952
"Influenza","KIF2C",4.766596853
"Influenza","MELK",4.40976319
"Influenza","TTK",5.108043201
"Influenza","CCNA2",5.681761045
"Influenza","BIRC5",4.721669538
"Influenza","BUB1B",4.877526946
"Influenza","KIF2C",5.26473736
"Influenza","MELK",5.112972276
"Influenza","TTK",5.630796556
"Influenza","CCNA2",6.507391177
"Influenza","BIRC5",5.530623448
"Influenza","BUB1B",4.709949643
"Influenza","KIF2C",5.326941609
"Influenza","MELK",5.498578003
"Influenza","TTK",4.754521571
"Influenza","CCNA2",5.278568414
"Influenza","BIRC5",4.830333766
"Influenza","BUB1B",4.438188481
"Influenza","KIF2C",4.754521571
"Influenza","MELK",3.999737819
"Healthy_Flu","TTK",4.544756995
"Healthy_Flu","CCNA2",4.799419591
"Healthy_Flu","BIRC5",4.195290895
"Healthy_Flu","BUB1B",4.935807702
"Healthy_Flu","KIF2C",4.501539894
"Healthy_Flu","MELK",4.425570274
"Influenza","TTK",4.605077206
"Influenza","CCNA2",5.53681793
"Influenza","BIRC5",4.390395196
"Influenza","BUB1B",3.780432672
"Influenza","KIF2C",4.538107059
"Influenza","MELK",4.887958733
"Influenza","TTK",4.511320007
"Influenza","CCNA2",5.03208882
"Influenza","BIRC5",4.359053175
"Influenza","BUB1B",4.40391642
"Influenza","KIF2C",4.629667691
"Influenza","MELK",4.806093249
"Influenza","TTK",4.94617479
"Influenza","CCNA2",5.282779876
"Influenza","BIRC5",5.439411552
"Influenza","BUB1B",4.693279214
"Influenza","KIF2C",4.464981377
"Influenza","MELK",5.259108645
"Healthy_Flu","TTK",5.200606548
"Healthy_Flu","CCNA2",5.200606548
"Healthy_Flu","BIRC5",4.812214467
"Healthy_Flu","BUB1B",4.446167784
"Healthy_Flu","KIF2C",4.041665799
"Healthy_Flu","MELK",4.904442771
"Healthy_Flu","TTK",5.046400055
"Healthy_Flu","CCNA2",5.232994924
"Healthy_Flu","BIRC5",4.391653365
"Healthy_Flu","BUB1B",4.737485036
"Healthy_Flu","KIF2C",4.474516792
"Healthy_Flu","MELK",4.832420953
"Influenza","TTK",4.589144476
"Influenza","CCNA2",5.068994609
"Influenza","BIRC5",4.602028777
"Influenza","BUB1B",4.287065593
"Influenza","KIF2C",4.576276184
"Influenza","MELK",4.872099995
"Influenza","TTK",5.508675111
"Influenza","CCNA2",6.264694366
"Influenza","BIRC5",5.652590076
"Influenza","BUB1B",4.906971059
"Influenza","KIF2C",5.485785024
"Influenza","MELK",5.910178031
"Healthy_Flu","TTK",4.357655402
"Healthy_Flu","CCNA2",4.757251293
"Healthy_Flu","BIRC5",4.130551052
"Healthy_Flu","BUB1B",4.614983226
"Healthy_Flu","KIF2C",4.424333411
"Healthy_Flu","MELK",4.315722314
"Healthy_Flu","TTK",4.889947331
"Healthy_Flu","CCNA2",5.542221537
"Healthy_Flu","BIRC5",4.543135974
"Healthy_Flu","BUB1B",4.486800231
"Healthy_Flu","KIF2C",4.492161521
"Healthy_Flu","MELK",4.77037958
"Influenza","TTK",6.163274423
"Influenza","CCNA2",6.91543461
"Influenza","BIRC5",6.117158759
"Influenza","BUB1B",5.505140662
"Influenza","KIF2C",5.752617817
"Influenza","MELK",5.547574553
"Healthy_Flu","TTK",3.766789471
"Healthy_Flu","CCNA2",5.060792532
"Healthy_Flu","BIRC5",4.35904511
"Healthy_Flu","BUB1B",4.696701748
"Healthy_Flu","KIF2C",3.859768627
"Healthy_Flu","MELK",4.597496055
"Influenza","TTK",4.699872545
"Influenza","CCNA2",4.746611253
"Influenza","BIRC5",4.596718952
"Influenza","BUB1B",4.855759208
"Influenza","KIF2C",4.56078286
"Influenza","MELK",5.015116348
"Influenza","TTK",5.094734345
"Influenza","CCNA2",5.497262023
"Influenza","BIRC5",5.33946111
"Influenza","BUB1B",5.18535247
"Influenza","KIF2C",5.237608482
"Influenza","MELK",5.428029402
"Influenza","TTK",4.586337833
"Influenza","CCNA2",5.672499783
"Influenza","BIRC5",4.876704524
"Influenza","BUB1B",4.532385441
"Influenza","KIF2C",4.116065287
"Influenza","MELK",5.1134282
"Influenza","TTK",5.298970574
"Influenza","CCNA2",5.544108558
"Influenza","BIRC5",5.620756173
"Influenza","BUB1B",4.514453285
"Influenza","KIF2C",5.232994924
"Influenza","MELK",5.009094914
"Healthy_Flu","TTK",5.010712431
"Healthy_Flu","CCNA2",5.259581829
"Healthy_Flu","BIRC5",5.406043854
"Healthy_Flu","BUB1B",4.97180385
"Healthy_Flu","KIF2C",4.44580113
"Healthy_Flu","MELK",4.077716372
"Healthy_Flu","TTK",5.235418859
"Healthy_Flu","CCNA2",4.858617836
"Healthy_Flu","BIRC5",4.250576892
"Healthy_Flu","BUB1B",4.439394491
"Healthy_Flu","KIF2C",4.351979405
"Healthy_Flu","MELK",4.675856833
"Influenza","TTK",5.31647417
"Influenza","CCNA2",5.525255212
"Influenza","BIRC5",5.371784051
"Influenza","BUB1B",5.340627542
"Influenza","KIF2C",4.881013742
"Influenza","MELK",5.366110539
"Healthy_Flu","TTK",4.972127885
"Healthy_Flu","CCNA2",5.293196757
"Healthy_Flu","BIRC5",4.146390502
"Healthy_Flu","BUB1B",4.891974857
"Healthy_Flu","KIF2C",4.978371751
"Healthy_Flu","MELK",4.842867687
"Influenza","TTK",5.397990858
"Influenza","CCNA2",6.069826651
"Influenza","BIRC5",5.204205337
"Influenza","BUB1B",4.901501035
"Influenza","KIF2C",5.293255085
"Influenza","MELK",4.758363499
"Healthy_Flu","TTK",4.558908709
"Healthy_Flu","CCNA2",4.805694662
"Healthy_Flu","BIRC5",4.168319229
"Healthy_Flu","BUB1B",4.688409909
"Healthy_Flu","KIF2C",4.794623515
"Healthy_Flu","MELK",4.320534203
"Healthy_Flu","TTK",4.024944054
"Healthy_Flu","CCNA2",4.734402034
"Healthy_Flu","BIRC5",4.586183897
"Healthy_Flu","BUB1B",4.586183897
"Healthy_Flu","KIF2C",4.464782184
"Healthy_Flu","MELK",4.464782184
"Influenza","TTK",4.390825059
"Influenza","CCNA2",5.18095365
"Influenza","BIRC5",5.053548747
"Influenza","BUB1B",4.155304397
"Influenza","KIF2C",4.749411668
"Influenza","MELK",4.614349623
"Influenza","TTK",4.371973818
"Influenza","CCNA2",4.90532428
"Influenza","BIRC5",4.25661826
"Influenza","BUB1B",3.898842468
"Influenza","KIF2C",4.423055855
"Influenza","MELK",4.005087256
"Influenza","TTK",5.306596201
"Influenza","CCNA2",4.555253994
"Influenza","BIRC5",4.220029812
"Influenza","BUB1B",5.033909266
"Influenza","KIF2C",4.690634518
"Influenza","MELK",4.54925364
"Influenza","TTK",5.241403202
"Influenza","CCNA2",6.224876011
"Influenza","BIRC5",5.707813635
"Influenza","BUB1B",4.99104342
"Influenza","KIF2C",4.773926533
"Influenza","MELK",5.293138429
"Healthy_Flu","TTK",4.348055471
"Healthy_Flu","CCNA2",4.68268957
"Healthy_Flu","BIRC5",4.70688821
"Healthy_Flu","BUB1B",4.492626979
"Healthy_Flu","KIF2C",4.393277133
"Healthy_Flu","MELK",4.626921134
"Healthy_Flu","TTK",4.501745982
"Healthy_Flu","CCNA2",4.454582193
"Healthy_Flu","BIRC5",4.540477637
"Healthy_Flu","BUB1B",4.606793646
"Healthy_Flu","KIF2C",4.584732857
"Healthy_Flu","MELK",4.443822367
"Influenza","TTK",5.623861355
"Influenza","CCNA2",5.300518869
"Influenza","BIRC5",5.053254065
"Influenza","BUB1B",4.957814881
"Influenza","KIF2C",6.323783011
"Influenza","MELK",5.723255965
"Healthy_Flu","TTK",4.117939237
"Healthy_Flu","CCNA2",5.050521595
"Healthy_Flu","BIRC5",4.301819607
"Healthy_Flu","BUB1B",4.988872549
"Healthy_Flu","KIF2C",4.501392363
"Healthy_Flu","MELK",4.762078837
"Influenza","TTK",5.460546301
"Influenza","CCNA2",6.431492492
"Influenza","BIRC5",5.557487882
"Influenza","BUB1B",3.918172895
"Influenza","KIF2C",5.298361696
"Influenza","MELK",5.648435817
"Healthy_Flu","TTK",4.795104076
"Healthy_Flu","CCNA2",5.462088494
"Healthy_Flu","BIRC5",4.497011827
"Healthy_Flu","BUB1B",4.841007561
"Healthy_Flu","KIF2C",4.748684324
"Healthy_Flu","MELK",4.574070298
"Influenza","TTK",5.150000708
"Influenza","CCNA2",5.159550083
"Influenza","BIRC5",4.71452929
"Influenza","BUB1B",4.351698429
"Influenza","KIF2C",4.727902092
"Influenza","MELK",4.66157096
"Healthy_Flu","TTK",4.993083036
"Healthy_Flu","CCNA2",4.901971312
"Healthy_Flu","BIRC5",4.845708243
"Healthy_Flu","BUB1B",5.098009227
"Healthy_Flu","KIF2C",4.19313094
"Healthy_Flu","MELK",4.432864581
"Healthy_Flu","TTK",4.635259365
"Healthy_Flu","CCNA2",4.570222458
"Healthy_Flu","BIRC5",4.292998877
"Healthy_Flu","BUB1B",4.682873655
"Healthy_Flu","KIF2C",4.487805773
"Healthy_Flu","MELK",4.113827627
"Influenza","TTK",5.080279853
"Influenza","CCNA2",5.089052348
"Influenza","BIRC5",4.71839744
"Influenza","BUB1B",4.972175529
"Influenza","KIF2C",4.117231634
"Influenza","MELK",4.117231634
"Healthy_Flu","TTK",4.605694983
"Healthy_Flu","CCNA2",5.400437788
"Healthy_Flu","BIRC5",4.677505119
"Healthy_Flu","BUB1B",4.290198684
"Healthy_Flu","KIF2C",4.351545753
"Healthy_Flu","MELK",4.965268009
"Influenza","TTK",5.253401974
"Influenza","CCNA2",5.619231196
"Influenza","BIRC5",4.634205969
"Influenza","BUB1B",4.850077437
"Influenza","KIF2C",5.017351167
"Influenza","MELK",4.867239822
"Influenza","TTK",5.342302416
"Influenza","CCNA2",5.923119975
"Influenza","BIRC5",4.885498455
"Influenza","BUB1B",4.893726146
"Influenza","KIF2C",4.915820475
"Influenza","MELK",5.392030488
"Healthy_Flu","TTK",4.613777173
"Healthy_Flu","CCNA2",4.525499508
"Healthy_Flu","BIRC5",5.153599232
"Healthy_Flu","BUB1B",4.172112413
"Healthy_Flu","KIF2C",4.647832917
"Healthy_Flu","MELK",4.784457341
"Influenza","TTK",4.589144476
"Influenza","CCNA2",4.93470239
"Influenza","BIRC5",4.232936478
"Influenza","BUB1B",5.234058183
"Influenza","KIF2C",4.345475367
"Influenza","MELK",4.409125266
"Healthy_Flu","TTK",4.601349109
"Healthy_Flu","CCNA2",4.654768802
"Healthy_Flu","BIRC5",4.425073698
"Healthy_Flu","BUB1B",4.985500696
"Healthy_Flu","KIF2C",4.136107493
"Healthy_Flu","MELK",4.425073698
"Influenza","TTK",5.419272566
"Influenza","CCNA2",5.9662684
"Influenza","BIRC5",4.86003017
"Influenza","BUB1B",4.632292393
"Influenza","KIF2C",4.761828679
"Influenza","MELK",5.136853941
"Influenza","TTK",4.743452346
"Influenza","CCNA2",6.298178644
"Influenza","BIRC5",4.633705227
"Influenza","BUB1B",4.572430744
"Influenza","KIF2C",5.061162966
"Influenza","MELK",4.933380633
"Influenza","TTK",5.786142848
"Influenza","CCNA2",6.366207063
"Influenza","BIRC5",6.167466838
"Influenza","BUB1B",4.950674529
"Influenza","KIF2C",5.918955751
"Influenza","MELK",5.722950096
"Healthy_Flu","TTK",5.016805607
"Healthy_Flu","CCNA2",5.206396403
"Healthy_Flu","BIRC5",4.447105494
"Healthy_Flu","BUB1B",4.511144634
"Healthy_Flu","KIF2C",4.511144634
"Healthy_Flu","MELK",4.464391138
"Healthy_Flu","TTK",4.878129977
"Healthy_Flu","CCNA2",4.662109884
"Healthy_Flu","BIRC5",4.465854275
"Healthy_Flu","BUB1B",4.509991085
"Healthy_Flu","KIF2C",4.176869981
"Healthy_Flu","MELK",4.236023694
"Healthy_Flu","TTK",4.830261365
"Healthy_Flu","CCNA2",4.62014667
"Healthy_Flu","BIRC5",4.442258963
"Healthy_Flu","BUB1B",4.714684876
"Healthy_Flu","KIF2C",4.811343637
"Healthy_Flu","MELK",4.650441956
"Influenza","TTK",5.396793333
"Influenza","CCNA2",6.099178039
"Influenza","BIRC5",4.824200312
"Influenza","BUB1B",4.723555676
"Influenza","KIF2C",5.197333133
"Influenza","MELK",5.402575121
"Healthy_Flu","TTK",4.228408786
"Healthy_Flu","CCNA2",4.99104342
"Healthy_Flu","BIRC5",4.853980726
"Healthy_Flu","BUB1B",4.566727704
"Healthy_Flu","KIF2C",4.608051552
"Healthy_Flu","MELK",3.578006887
"Influenza","TTK",5.493017133
"Influenza","CCNA2",6.163653804
"Influenza","BIRC5",5.069178577
"Influenza","BUB1B",5.142161009
"Influenza","KIF2C",5.383272006
"Influenza","MELK",5.386989134
"Healthy_Flu","TTK",4.877977119
"Healthy_Flu","CCNA2",5.440286552
"Healthy_Flu","BIRC5",4.26029433
"Healthy_Flu","BUB1B",4.501282519
"Healthy_Flu","KIF2C",4.327136963
"Healthy_Flu","MELK",4.54174666
"Influenza","TTK",4.822037327
"Influenza","CCNA2",5.555356879
"Influenza","BIRC5",4.829550647
"Influenza","BUB1B",4.584593467
"Influenza","KIF2C",4.958571997
"Influenza","MELK",4.844962954
"Healthy_Flu","TTK",4.232814176
"Healthy_Flu","CCNA2",5.632475432
"Healthy_Flu","BIRC5",4.19541402
"Healthy_Flu","BUB1B",4.263026759
"Healthy_Flu","KIF2C",3.55209023
"Healthy_Flu","MELK",4.654438975
"Healthy_Flu","TTK",4.331260082
"Healthy_Flu","CCNA2",4.64203366
"Healthy_Flu","BIRC5",4.781588835
"Healthy_Flu","BUB1B",4.234730215
"Healthy_Flu","KIF2C",4.625291894
"Healthy_Flu","MELK",4.363856278
"Influenza","TTK",5.239010005
"Influenza","CCNA2",5.80671135
"Influenza","BIRC5",5.738348817
"Influenza","BUB1B",4.958321962
"Influenza","KIF2C",5.622651646
"Influenza","MELK",5.790777074
"Influenza","TTK",4.18113816
"Influenza","CCNA2",4.882668348
"Influenza","BIRC5",4.620555483
"Influenza","BUB1B",4.204892172
"Influenza","KIF2C",4.687160878
"Influenza","MELK",4.333343532
"Influenza","TTK",4.673900538
"Influenza","CCNA2",5.245138857
"Influenza","BIRC5",4.797824305
"Influenza","BUB1B",4.468663965
"Influenza","KIF2C",4.748475189
"Influenza","MELK",4.925333399
"Influenza","TTK",4.923883392
"Influenza","CCNA2",5.384169176
"Influenza","BIRC5",4.053774151
"Influenza","BUB1B",4.74155402
"Influenza","KIF2C",4.693262121
"Influenza","MELK",4.791570633
"Influenza","TTK",5.107110471
"Influenza","CCNA2",5.587238239
"Influenza","BIRC5",4.949047287
"Influenza","BUB1B",4.691444351
"Influenza","KIF2C",5.136539225
"Influenza","MELK",4.994508837
"Influenza","TTK",4.694360891
"Influenza","CCNA2",5.686074871
"Influenza","BIRC5",5.527222072
"Influenza","BUB1B",4.953418462
"Influenza","KIF2C",5.043732654
"Influenza","MELK",4.878847353
"Influenza","TTK",5.87457345
"Influenza","CCNA2",6.70639074
"Influenza","BIRC5",6.151325036
"Influenza","BUB1B",4.938559143
"Influenza","KIF2C",6.229648849
"Influenza","MELK",5.641786682
"Influenza","TTK",6.221994491
"Influenza","CCNA2",6.953509708
"Influenza","BIRC5",6.732131516
"Influenza","BUB1B",5.793885145
"Influenza","KIF2C",6.360004197
"Influenza","MELK",5.817573046
"Influenza","TTK",6.45960704
"Influenza","CCNA2",7.393218544
"Influenza","BIRC5",6.134924939
"Influenza","BUB1B",6.021063227
"Influenza","KIF2C",6.323631019
"Influenza","MELK",6.134924939
"Influenza","TTK",5.057016337
"Influenza","CCNA2",5.187593558
"Influenza","BIRC5",4.776918939
"Influenza","BUB1B",4.375627896
"Influenza","KIF2C",5.077796208
"Influenza","MELK",4.970518923
"Healthy_Flu","TTK",4.717950801
"Healthy_Flu","CCNA2",4.790224562
"Healthy_Flu","BIRC5",4.257457914
"Healthy_Flu","BUB1B",4.572668667
"Healthy_Flu","KIF2C",4.805216167
"Healthy_Flu","MELK",4.577084842
"Influenza","TTK",4.413198581
"Influenza","CCNA2",5.534094425
"Influenza","BIRC5",4.918080566
"Influenza","BUB1B",4.375651292
"Influenza","KIF2C",4.400133659
"Influenza","MELK",4.987921558
"Influenza","TTK",5.416972151
"Influenza","CCNA2",5.665413308
"Influenza","BIRC5",5.080279853
"Influenza","BUB1B",4.528790986
"Influenza","KIF2C",5.091310699
"Influenza","MELK",5.218825676
"Influenza","TTK",4.804787524
"Influenza","CCNA2",4.859727874
"Influenza","BIRC5",4.152599298
"Influenza","BUB1B",4.396151478
"Influenza","KIF2C",5.027010944
"Influenza","MELK",4.791804893
"Influenza","TTK",5.439627425
"Influenza","CCNA2",5.905673106
"Influenza","BIRC5",5.028432698
"Influenza","BUB1B",4.623205651
"Influenza","KIF2C",4.869824818
"Influenza","MELK",5.146065811
"Healthy_Flu","TTK",4.676659776
"Healthy_Flu","CCNA2",4.885176971
"Healthy_Flu","BIRC5",4.940820498
"Healthy_Flu","BUB1B",4.58108586
"Healthy_Flu","KIF2C",4.932466295
"Healthy_Flu","MELK",4.156777512
"Healthy_Flu","TTK",4.78034905
"Healthy_Flu","CCNA2",4.969327972
"Healthy_Flu","BIRC5",4.47131772
"Healthy_Flu","BUB1B",5.03596819
"Healthy_Flu","KIF2C",4.058485172
"Healthy_Flu","MELK",4.236599355
"Influenza","TTK",5.398916293
"Influenza","CCNA2",6.087603766
"Influenza","BIRC5",5.356432247
"Influenza","BUB1B",5.433688092
"Influenza","KIF2C",5.433688092
"Influenza","MELK",5.441159365
"Influenza","TTK",5.109075505
"Influenza","CCNA2",6.346452392
"Influenza","BIRC5",5.843117656
"Influenza","BUB1B",5.088616444
"Influenza","KIF2C",5.331627886
"Influenza","MELK",5.436098689
"Influenza","TTK",5.656194545
"Influenza","CCNA2",7.058595356
"Influenza","BIRC5",6.25819286
"Influenza","BUB1B",5.43166341
"Influenza","KIF2C",5.633592162
"Influenza","MELK",5.798895088
"Influenza","TTK",5.5131871
"Influenza","CCNA2",5.336973844
"Influenza","BIRC5",4.698490879
"Influenza","BUB1B",4.779657102
"Influenza","KIF2C",5.120167081
"Influenza","MELK",4.582179638
"Influenza","TTK",5.397745667
"Influenza","CCNA2",5.372316147
"Influenza","BIRC5",4.977647712
"Influenza","BUB1B",4.429495074
"Influenza","KIF2C",5.065821552
"Influenza","MELK",4.562550695
"Influenza","TTK",5.257876526
"Influenza","CCNA2",6.178233196
"Influenza","BIRC5",5.698191394
"Influenza","BUB1B",4.706387514
"Influenza","KIF2C",6.303142175
"Influenza","MELK",5.068677378
"Healthy_Flu","TTK",4.879602808
"Healthy_Flu","CCNA2",5.104855961
"Healthy_Flu","BIRC5",4.392835845
"Healthy_Flu","BUB1B",4.463601167
"Healthy_Flu","KIF2C",4.570624446
"Healthy_Flu","MELK",4.786805446
"Influenza","TTK",4.627785744
"Influenza","CCNA2",6.448912431
"Influenza","BIRC5",5.309721459
"Influenza","BUB1B",4.51735533
"Influenza","KIF2C",5.056249769
"Influenza","MELK",5.886932793
"Influenza","TTK",4.544829675
"Influenza","CCNA2",5.123595101
"Influenza","BIRC5",4.584877844
"Influenza","BUB1B",4.70528782
"Influenza","KIF2C",3.523676748
"Influenza","MELK",4.555984798
"Influenza","TTK",5.887182113
"Influenza","CCNA2",5.986658175
"Influenza","BIRC5",6.085766654
"Influenza","BUB1B",4.463702063
"Influenza","KIF2C",5.112640214
"Influenza","MELK",4.950979571
"Influenza","TTK",4.992869429
"Influenza","CCNA2",5.882100783
"Influenza","BIRC5",5.711013548
"Influenza","BUB1B",4.83029379
"Influenza","KIF2C",5.163768953
"Influenza","MELK",4.877889704
"Healthy_Flu","TTK",4.303904476
"Healthy_Flu","CCNA2",4.982307114
"Healthy_Flu","BIRC5",4.019047008
"Healthy_Flu","BUB1B",4.776434046
"Healthy_Flu","KIF2C",3.666083672
"Healthy_Flu","MELK",4.796676186
"Healthy_Flu","TTK",4.259658633
"Healthy_Flu","CCNA2",5.210782386
"Healthy_Flu","BIRC5",4.768116436
"Healthy_Flu","BUB1B",3.86223761
"Healthy_Flu","KIF2C",4.901481626
"Healthy_Flu","MELK",4.312609359
"Influenza","TTK",4.605934032
"Influenza","CCNA2",5.305568059
"Influenza","BIRC5",4.537008648
"Influenza","BUB1B",4.228272982
"Influenza","KIF2C",4.548274636
"Influenza","MELK",4.83285439
"Healthy_Flu","TTK",5.496269146
"Healthy_Flu","CCNA2",5.456213967
"Healthy_Flu","BIRC5",5.027932238
"Healthy_Flu","BUB1B",4.67414532
"Healthy_Flu","KIF2C",3.958426188
"Healthy_Flu","MELK",4.658279862
"Influenza","TTK",5.636173448
"Influenza","CCNA2",6.599951219
"Influenza","BIRC5",5.896587291
"Influenza","BUB1B",4.981469531
"Influenza","KIF2C",5.356944796
"Influenza","MELK",5.596468857
"Healthy_Flu","TTK",4.45307185
"Healthy_Flu","CCNA2",4.90537831
"Healthy_Flu","BIRC5",4.418544793
"Healthy_Flu","BUB1B",4.641262038
"Healthy_Flu","KIF2C",3.89324539
"Healthy_Flu","MELK",4.432930935
"Healthy_Flu","TTK",5.054648541
"Healthy_Flu","CCNA2",5.100104674
"Healthy_Flu","BIRC5",4.423426643
"Healthy_Flu","BUB1B",4.417293595
"Healthy_Flu","KIF2C",4.310498936
"Healthy_Flu","MELK",4.505616408
"Healthy_Flu","TTK",4.614349623
"Healthy_Flu","CCNA2",4.966828365
"Healthy_Flu","BIRC5",4.837419292
"Healthy_Flu","BUB1B",4.600281177
"Healthy_Flu","KIF2C",4.291272612
"Healthy_Flu","MELK",4.728281427
"Influenza","TTK",5.026525604
"Influenza","CCNA2",6.462372837
"Influenza","BIRC5",5.489162578
"Influenza","BUB1B",4.427619279
"Influenza","KIF2C",4.854893142
"Influenza","MELK",5.067748603
"Influenza","TTK",4.903013217
"Influenza","CCNA2",5.40349904
"Influenza","BIRC5",4.583974707
"Influenza","BUB1B",4.197449007
"Influenza","KIF2C",4.71005288
"Influenza","MELK",5.017712547
"Influenza","TTK",5.752716367
"Influenza","CCNA2",6.634417887
"Influenza","BIRC5",5.128338758
"Influenza","BUB1B",5.090472848
"Influenza","KIF2C",5.241403202
"Influenza","MELK",5.458303217
"Healthy_Flu","TTK",4.568021595
"Healthy_Flu","CCNA2",4.274185431
"Healthy_Flu","BIRC5",4.274185431
"Healthy_Flu","BUB1B",4.713445175
"Healthy_Flu","KIF2C",3.730399016
"Healthy_Flu","MELK",4.495510192
"Influenza","TTK",4.892410118
"Influenza","CCNA2",5.258611409
"Influenza","BIRC5",5.13969295
"Influenza","BUB1B",3.963868224
"Influenza","KIF2C",4.497355191
"Influenza","MELK",4.099017966
"Healthy_Flu","TTK",4.651317473
"Healthy_Flu","CCNA2",4.840693081
"Healthy_Flu","BIRC5",4.401812041
"Healthy_Flu","BUB1B",4.361612092
"Healthy_Flu","KIF2C",4.571088205
"Healthy_Flu","MELK",4.104774053
"Influenza","TTK",4.331484192
"Influenza","CCNA2",4.675493366
"Influenza","BIRC5",4.429084608
"Influenza","BUB1B",5.277773514
"Influenza","KIF2C",5.923119975
"Influenza","MELK",4.422852698
"Healthy_Flu","TTK",4.327864386
"Healthy_Flu","CCNA2",4.603648337
"Healthy_Flu","BIRC5",4.637654793
"Healthy_Flu","BUB1B",4.111749347
"Healthy_Flu","KIF2C",4.263017273
"Healthy_Flu","MELK",4.631985567
"Healthy_Flu","TTK",4.556571295
"Healthy_Flu","CCNA2",4.430394779
"Healthy_Flu","BIRC5",4.422628238
"Healthy_Flu","BUB1B",4.458206193
"Healthy_Flu","KIF2C",4.323020017
"Healthy_Flu","MELK",4.549554687
"Influenza","TTK",4.700048202
"Influenza","CCNA2",5.257730267
"Influenza","BIRC5",4.686514352
"Influenza","BUB1B",4.610363421
"Influenza","KIF2C",4.346795574
"Influenza","MELK",4.368074786
"Influenza","TTK",4.635017358
"Influenza","CCNA2",4.635017358
"Influenza","BIRC5",4.290959171
"Influenza","BUB1B",4.48608649
"Influenza","KIF2C",4.965961421
"Influenza","MELK",4.880533245
"Influenza","TTK",5.054092174
"Influenza","CCNA2",5.931234474
"Influenza","BIRC5",5.27592306
"Influenza","BUB1B",4.704607649
"Influenza","KIF2C",5.129523032
"Influenza","MELK",5.184108721
"Influenza","TTK",5.69618354
"Influenza","CCNA2",6.222284795
"Influenza","BIRC5",5.566360271
"Influenza","BUB1B",4.575719327
"Influenza","KIF2C",5.400551267
"Influenza","MELK",5.574495413
"Influenza","TTK",4.928958906
"Influenza","CCNA2",5.575080523
"Influenza","BIRC5",4.529217693
"Influenza","BUB1B",4.924263195
"Influenza","KIF2C",4.47247391
"Influenza","MELK",4.479308578
"Healthy_Flu","TTK",4.980610246
"Healthy_Flu","CCNA2",4.836300317
"Healthy_Flu","BIRC5",4.263439326
"Healthy_Flu","BUB1B",4.796558003
"Healthy_Flu","KIF2C",4.333079249
"Healthy_Flu","MELK",4.333079249
"Healthy_Flu","TTK",4.506622948
"Healthy_Flu","CCNA2",4.824270198
"Healthy_Flu","BIRC5",4.680069337
"Healthy_Flu","BUB1B",4.617705001
"Healthy_Flu","KIF2C",4.297495143
"Healthy_Flu","MELK",4.157836755
"Influenza","TTK",4.971365747
"Influenza","CCNA2",6.10225309
"Influenza","BIRC5",5.573364428
"Influenza","BUB1B",5.09354223
"Influenza","KIF2C",4.526069265
"Influenza","MELK",5.239010005
"Influenza","TTK",4.510318754
"Influenza","CCNA2",5.619792578
"Influenza","BIRC5",4.630886123
"Influenza","BUB1B",4.730564499
"Influenza","KIF2C",4.875079538
"Influenza","MELK",4.25436797
"Influenza","TTK",5.273779766
"Influenza","CCNA2",5.644736461
"Influenza","BIRC5",4.866793502
"Influenza","BUB1B",4.897913706
"Influenza","KIF2C",4.885434554
"Influenza","MELK",5.985424652
"Healthy_Flu","TTK",4.716127331
"Healthy_Flu","CCNA2",5.092844381
"Healthy_Flu","BIRC5",4.478621724
"Healthy_Flu","BUB1B",4.721144735
"Healthy_Flu","KIF2C",4.84068194
"Healthy_Flu","MELK",3.845983837
"Influenza","TTK",5.879063433
"Influenza","CCNA2",6.341817499
"Influenza","BIRC5",5.81346024
"Influenza","BUB1B",5.137971292
"Influenza","KIF2C",5.397826579
"Influenza","MELK",5.809381005
"Influenza","TTK",4.604496592
"Influenza","CCNA2",5.437487029
"Influenza","BIRC5",5.146350877
"Influenza","BUB1B",3.544132103
"Influenza","KIF2C",5.189247276
"Influenza","MELK",4.516855441
"Influenza","TTK",4.424569645
"Influenza","CCNA2",5.988468733
"Influenza","BIRC5",4.752966211
"Influenza","BUB1B",4.553773491
"Influenza","KIF2C",4.972906535
"Influenza","MELK",4.69558045
"Influenza","TTK",5.525255212
"Influenza","CCNA2",6.766814144
"Influenza","BIRC5",6.064501778
"Influenza","BUB1B",4.644872924
"Influenza","KIF2C",5.415467247
"Influenza","MELK",5.815643306
"Influenza","TTK",5.242015525
"Influenza","CCNA2",6.91701086
"Influenza","BIRC5",5.561974282
"Influenza","BUB1B",5.337489767
"Influenza","KIF2C",4.998193937
"Influenza","MELK",5.795097164
"Influenza","TTK",5.077294599
"Influenza","CCNA2",5.92119439
"Influenza","BIRC5",4.86430343
"Influenza","BUB1B",5.003847992
"Influenza","KIF2C",4.955355737
"Influenza","MELK",5.484176121
"Influenza","TTK",3.85894905
"Influenza","CCNA2",4.84693887
"Influenza","BIRC5",4.389146952
"Influenza","BUB1B",4.961708962
"Influenza","KIF2C",4.589757703
"Influenza","MELK",4.433859357
"Influenza","TTK",5.488751656
"Influenza","CCNA2",6.515498055
"Influenza","BIRC5",5.718434357
"Influenza","BUB1B",4.591415776
"Influenza","KIF2C",4.790743446
"Influenza","MELK",5.542221537
"Influenza","TTK",6.206957842
"Influenza","CCNA2",6.841198379
"Influenza","BIRC5",5.652463284
"Influenza","BUB1B",5.763135295
"Influenza","KIF2C",6.030016265
"Influenza","MELK",6.133069061
"Influenza","TTK",6.074664598
"Influenza","CCNA2",6.329342533
"Influenza","BIRC5",5.022812579
"Influenza","BUB1B",5.656517325
"Influenza","KIF2C",6.137862122
"Influenza","MELK",5.270456423
"Influenza","TTK",5.131863171
"Influenza","CCNA2",5.914151251
"Influenza","BIRC5",5.74801757
"Influenza","BUB1B",4.463427881
"Influenza","KIF2C",5.781173941
"Influenza","MELK",5.111012921
"Influenza","TTK",4.33039764
"Influenza","CCNA2",5.481577446
"Influenza","BIRC5",5.07957233
"Influenza","BUB1B",4.836375904
"Influenza","KIF2C",4.880850981
"Influenza","MELK",4.368697001
"Influenza","TTK",4.903983723
"Influenza","CCNA2",5.080164972
"Influenza","BIRC5",4.168428518
"Influenza","BUB1B",4.395837706
"Influenza","KIF2C",4.966599419
"Influenza","MELK",4.590157822
"Healthy_Flu","TTK",5.06181559
"Healthy_Flu","CCNA2",5.225649881
"Healthy_Flu","BIRC5",4.596485499
"Healthy_Flu","BUB1B",4.559020791
"Healthy_Flu","KIF2C",4.619085774
"Healthy_Flu","MELK",4.64838943
"Healthy_Flu","TTK",4.620167318
"Healthy_Flu","CCNA2",4.931193871
"Healthy_Flu","BIRC5",4.295729893
"Healthy_Flu","BUB1B",4.393879023
"Healthy_Flu","KIF2C",4.411124097
"Healthy_Flu","MELK",4.501103121
"RSV","TTK",1.5133039
"RSV","CCNA2",1.9893106
"RSV","BIRC5",2.294404
"RSV","BUB1B",2.0776827
"RSV","KIF2C",1.1300503
"RSV","MELK",2.5767508
"RSV","TTK",0.63525504
"RSV","CCNA2",1.779797
"RSV","BIRC5",0.91484183
"RSV","BUB1B",1.5826201
"RSV","KIF2C",1.2100502
"RSV","MELK",1.3539492
"RSV","TTK",2.8957875
"RSV","CCNA2",6.3912354
"RSV","BIRC5",3.727494
"RSV","BUB1B",2.6458197
"RSV","KIF2C",1.9356784
"RSV","MELK",3.2913558
"Healthy_RSV","TTK",0.92280704
"Healthy_RSV","CCNA2",0.86886793
"Healthy_RSV","BIRC5",0.99999994
"Healthy_RSV","BUB1B",0.8805606
"Healthy_RSV","KIF2C",1
"Healthy_RSV","MELK",0.66228074
"Healthy_RSV","TTK",0.99064326
"Healthy_RSV","CCNA2",1.7518868
"Healthy_RSV","BIRC5",1.0727595
"Healthy_RSV","BUB1B",1.1937841
"Healthy_RSV","KIF2C",0.9976672
"Healthy_RSV","MELK",1.154057
"Healthy_RSV","TTK",1.0809313
"Healthy_RSV","CCNA2",0.98343134
"Healthy_RSV","BIRC5",2.296837
"Healthy_RSV","BUB1B",1.1356156
"Healthy_RSV","KIF2C",0.95075375
"Healthy_RSV","MELK",1.4724292
"Healthy_RSV","TTK",1.1403509
"Healthy_RSV","CCNA2",0.8679246
"Healthy_RSV","BIRC5",1.675244
"Healthy_RSV","BUB1B",1.0511882
"Healthy_RSV","KIF2C",0.9195179
"Healthy_RSV","MELK",1.0833334
"Healthy_RSV","TTK",0.98558766
"Healthy_RSV","CCNA2",1.153394
"Healthy_RSV","BIRC5",0.21289538
"Healthy_RSV","BUB1B",0.44963795
"Healthy_RSV","KIF2C",0.9809045
"Healthy_RSV","MELK",0.6654247
"Healthy_RSV","TTK",1.0397661
"Healthy_RSV","CCNA2",1.0179245
"Healthy_RSV","BIRC5",0.1552795
"Healthy_RSV","BUB1B",0.4162096
"Healthy_RSV","KIF2C",0.948678
"Healthy_RSV","MELK",0.48958334
"Healthy_RSV","TTK",1.0399114
"Healthy_RSV","CCNA2",1.3661144
"Healthy_RSV","BIRC5",1.1739659
"Healthy_RSV","BUB1B",0.84397626
"Healthy_RSV","KIF2C",1.0074372
"Healthy_RSV","MELK",0.8554396
"Healthy_RSV","TTK",1.097076
"Healthy_RSV","CCNA2",1.2056605
"Healthy_RSV","BIRC5",0.85625553
"Healthy_RSV","BUB1B",0.78123087
"Healthy_RSV","KIF2C",0.974339
"Healthy_RSV","MELK",0.629386
"Healthy_RSV","TTK",1.3918129
"Healthy_RSV","CCNA2",1.9
"Healthy_RSV","BIRC5",0.4259095
"Healthy_RSV","BUB1B",1.4399755
"Healthy_RSV","KIF2C",1.2986002
"Healthy_RSV","MELK",1.310307
"RSV","TTK",1.8126386
"RSV","CCNA2",1.7006949
"RSV","BIRC5",1.064477
"RSV","BUB1B",1.5536537
"RSV","KIF2C",1.2028141
"RSV","MELK",3.2339787
"RSV","TTK",2.6219513
"RSV","CCNA2",2.2373064
"RSV","BIRC5",1.2895378
"RSV","BUB1B",1.7300855
"RSV","KIF2C",1.1236181
"RSV","MELK",1.634128
"Influenza_RSV","TTK",5.3216376
"Influenza_RSV","CCNA2",7.739624
"Influenza_RSV","BIRC5",2.3212068
"Influenza_RSV","BUB1B",3.8507009
"Influenza_RSV","KIF2C",2.9031882
"Influenza_RSV","MELK",5.917763
"Influenza_RSV","TTK",1.2163743
"Influenza_RSV","CCNA2",1.1292453
"Influenza_RSV","BIRC5",0.20763086
"Influenza_RSV","BUB1B",1.1383302
"Influenza_RSV","KIF2C",0.9090202
"Influenza_RSV","MELK",1.1354167
"Influenza_RSV","TTK",0.6631579
"Influenza_RSV","CCNA2",1.2556604
"Influenza_RSV","BIRC5",0.33895302
"Influenza_RSV","BUB1B",1.195003
"Influenza_RSV","KIF2C",1.5847589
"Influenza_RSV","MELK",0.377193
"Influenza_RSV","TTK",1.5380117
"Influenza_RSV","CCNA2",2.009434
"Influenza_RSV","BIRC5",0.15882875
"Influenza_RSV","BUB1B",1.2382692
"Influenza_RSV","KIF2C",1.3444788
"Influenza_RSV","MELK",0.76480263
"Influenza_RSV","TTK",1.1251462
"Influenza_RSV","CCNA2",1.490566
"Influenza_RSV","BIRC5",0.54835844
"Influenza_RSV","BUB1B",0.8458257
"Influenza_RSV","KIF2C",1.0956453
"Influenza_RSV","MELK",0.55701756
"Influenza_RSV","TTK",1.6783626
"Influenza_RSV","CCNA2",2.7990568
"Influenza_RSV","BIRC5",1.2582077
"Influenza_RSV","BUB1B",1.8756853
"Influenza_RSV","KIF2C",1.5501555
"Influenza_RSV","MELK",1.7653509
"Influenza_RSV","TTK",3.512281
"Influenza_RSV","CCNA2",4.3820753
"Influenza_RSV","BIRC5",3.31677
"Influenza_RSV","BUB1B",3.174284
"Influenza_RSV","KIF2C",2.145412
"Influenza_RSV","MELK",3.6787283
"Influenza_RSV","TTK",0.6994152
"Influenza_RSV","CCNA2",0.7028302
"Influenza_RSV","BIRC5",1.088731
"Influenza_RSV","BUB1B",0.9037172
"Influenza_RSV","KIF2C",1.5835924
"Influenza_RSV","MELK",0.89418864
"Influenza_RSV","TTK",1.7438598
"Influenza_RSV","CCNA2",1.3424529
"Influenza_RSV","BIRC5",0.66992015
"Influenza_RSV","BUB1B",1.2522851
"Influenza_RSV","KIF2C",1.222395
"Influenza_RSV","MELK",1.0509869
"Influenza_RSV","TTK",5.5099416
"Influenza_RSV","CCNA2",10.124528
"Influenza_RSV","BIRC5",3.6033719
"Influenza_RSV","BUB1B",3.205362
"Influenza_RSV","KIF2C",2.946345
"Influenza_RSV","MELK",5.3075657
"RSV","TTK",1.8192906
"RSV","CCNA2",1.3083912
"RSV","BIRC5",1.3953772
"RSV","BUB1B",2.3258722
"RSV","KIF2C",1.1441206
"RSV","MELK",2.1378536
"RSV","TTK",2.4423504
"RSV","CCNA2",1.2912881
"RSV","BIRC5",1.83455
"RSV","BUB1B",1.61027
"RSV","KIF2C",1.5859296
"RSV","MELK",1.6877793
"RSV","TTK",3.3425722
"RSV","CCNA2",2.448958
"RSV","BIRC5",3.2153285
"RSV","BUB1B",3.3140223
"RSV","KIF2C",2.4912562
"RSV","MELK",4.444113
"Influenza_RSV","TTK",3.6865501
"Influenza_RSV","CCNA2",4.5386796
"Influenza_RSV","BIRC5",2.3984027
"Influenza_RSV","BUB1B",2.8293722
"Influenza_RSV","KIF2C",2.6979005
"Influenza_RSV","MELK",3.872807
"Influenza_RSV","TTK",1.8397661
"Influenza_RSV","CCNA2",2.768868
"Influenza_RSV","BIRC5",1.515528
"Influenza_RSV","BUB1B",1.5996343
"Influenza_RSV","KIF2C",2.0734835
"Influenza_RSV","MELK",2.1354167
"RSV","TTK",1.6917962
"RSV","CCNA2",1.1480492
"RSV","BIRC5",0.31265208
"RSV","BUB1B",1.3495721
"RSV","KIF2C",2.2637184
"RSV","MELK",0.2362146
"RSV","TTK",1.9345899
"RSV","CCNA2",1.8834847
"RSV","BIRC5",2.5060828
"RSV","BUB1B",2.0473995
"RSV","KIF2C",3.0395977
"RSV","MELK",2.6184795
"RSV","TTK",1.6740577
"RSV","CCNA2",2.343132
"RSV","BIRC5",1.9184915
"RSV","BUB1B",1.7406188
"RSV","KIF2C",1.759598
"RSV","MELK",1.7213113
"RSV","TTK",1.7372506
"RSV","CCNA2",2.4981294
"RSV","BIRC5",2.762774
"RSV","BUB1B",1.9394339
"RSV","KIF2C",2.049447
"RSV","MELK",2.4642324
"RSV","TTK",1.2638582
"RSV","CCNA2",3.6675572
"RSV","BIRC5",2.2055962
"RSV","BUB1B",1.9479921
"RSV","KIF2C",1.6180904
"RSV","MELK",2.8934422
"RSV","TTK",2.4889138
"RSV","CCNA2",2.7974346
"RSV","BIRC5",3.0498784
"RSV","BUB1B",1.5490454
"RSV","KIF2C",1.8970854
"RSV","MELK",2.615499
"RSV","TTK",1.7516631
"RSV","CCNA2",4.128274
"RSV","BIRC5",2.794404
"RSV","BUB1B",1.6859777
"RSV","KIF2C",1.9396985
"RSV","MELK",3.2004466
"RSV","TTK",0.82483375
"RSV","CCNA2",1.1373597
"RSV","BIRC5",0.76034063
"RSV","BUB1B",0.6945359
"RSV","KIF2C",0.9764824
"RSV","MELK",1.1169894
"Healthy_RSV","TTK",0.7649668
"Healthy_RSV","CCNA2",0.45216462
"Healthy_RSV","BIRC5",0.6240876
"Healthy_RSV","BUB1B",0.61487824
"Healthy_RSV","KIF2C",0.9925628
"Healthy_RSV","MELK",0.21907598
"Healthy_RSV","TTK",0.5443459
"Healthy_RSV","CCNA2",1.0165687
"Healthy_RSV","BIRC5",1.7871046
"Healthy_RSV","BUB1B",0.8643845
"Healthy_RSV","KIF2C",0.70190954
"Healthy_RSV","MELK",0.11997019
"RSV","TTK",2.2949004
"RSV","CCNA2",2.782469
"RSV","BIRC5",1.7299271
"RSV","BUB1B",0.9144173
"RSV","KIF2C",1.5208039
"RSV","MELK",2.339791
"RSV","TTK",3.404657
"RSV","CCNA2",5.311598
"RSV","BIRC5",2.6836984
"RSV","BUB1B",2.9071758
"RSV","KIF2C",2.1531658
"RSV","MELK",4.3293586
"RSV","TTK",2.698448
"RSV","CCNA2",4.600748
"RSV","BIRC5",0.6021898
"RSV","BUB1B",1.81501
"RSV","KIF2C",2.048643
"RSV","MELK",3.0715349
"RSV","TTK",0.69844794
"RSV","CCNA2",1.8129343
"RSV","BIRC5",0.3333333
"RSV","BUB1B",1.923634
"RSV","KIF2C",1.6337688
"RSV","MELK",1.8964231
"RSV","TTK",2.0809314
"RSV","CCNA2",2.2266169
"RSV","BIRC5",1.176399
"RSV","BUB1B",1.1059908
"RSV","KIF2C",1.2084422
"RSV","MELK",2.009687
"RSV","TTK",2.879158
"RSV","CCNA2",3.032603
"RSV","BIRC5",1.4927007
"RSV","BUB1B",2.2363398
"RSV","KIF2C",1.7636181
"RSV","MELK",2.7280176
"RSV","TTK",1.9789358
"RSV","CCNA2",1.9636558
"RSV","BIRC5",2.0681267
"RSV","BUB1B",1.81106
"RSV","KIF2C",0.89688444
"RSV","MELK",1.9850966
"Influenza_RSV","TTK",5.659649
"Influenza_RSV","CCNA2",14.229246
"Influenza_RSV","BIRC5",3.2777283
"Influenza_RSV","BUB1B",6.1035953
"Influenza_RSV","KIF2C",2.8347585
"Influenza_RSV","MELK",7.5937505
"RSV","TTK",4.3957872
"RSV","CCNA2",7.3105288
"RSV","BIRC5",3.986618
"RSV","BUB1B",3.443713
"RSV","KIF2C",2.2524621
"RSV","MELK",4.4292097
"RSV","TTK",2.7804878
"RSV","CCNA2",5.647248
"RSV","BIRC5",3.0705597
"RSV","BUB1B",2.8136933
"RSV","KIF2C",1.759598
"RSV","MELK",3.3241427
"RSV","TTK",2.6518848
"RSV","CCNA2",2.8017104
"RSV","BIRC5",1.6058395
"RSV","BUB1B",1.8880842
"RSV","KIF2C",1.2832161
"RSV","MELK",2.491803
"RSV","TTK",1.660754
"RSV","CCNA2",2.6659539
"RSV","BIRC5",1.0121654
"RSV","BUB1B",1.3818301
"RSV","KIF2C",1.6309549
"RSV","MELK",2.019374
"RSV","TTK",0.88913524
"RSV","CCNA2",0.5398183
"RSV","BIRC5",1.163017
"RSV","BUB1B",0.8222515
"RSV","KIF2C",1.1650251
"RSV","MELK",1.8077495
"RSV","TTK",2.349224
"RSV","CCNA2",2.503474
"RSV","BIRC5",0.7068127
"RSV","BUB1B",1.9091507
"RSV","KIF2C",1.8858291
"RSV","MELK",4.117734
"Influenza_RSV","TTK",3.7906432
"Influenza_RSV","CCNA2",1.3792453
"Influenza_RSV","BIRC5",1.0248448
"Influenza_RSV","BUB1B",2.4838512
"Influenza_RSV","KIF2C",1.9148521
"Influenza_RSV","MELK",3.3815792
"RSV","TTK",2.4855876
"RSV","CCNA2",1.7787279
"RSV","BIRC5",3.0924575
"RSV","BUB1B",1.6932193
"RSV","KIF2C",1.4613066
"RSV","MELK",2.758569
"RSV","TTK",3.8558757
"RSV","CCNA2",3.3308392
"RSV","BIRC5",1.9939172
"RSV","BUB1B",2.8749177
"RSV","KIF2C",2.6066332
"RSV","MELK",3.9627414
"RSV","TTK",2.2560978
"RSV","CCNA2",3.155532
"RSV","BIRC5",2.6192214
"RSV","BUB1B",2.3949966
"RSV","KIF2C",2.1419094
"RSV","MELK",3.734724
"RSV","TTK",2.1252773
"RSV","CCNA2",2.5729556
"RSV","BIRC5",0.3454988
"RSV","BUB1B",1.6655694
"RSV","KIF2C",1.7760804
"RSV","MELK",2.7637851
"Influenza_RSV","TTK",1.1415205
"Influenza_RSV","CCNA2",1.6886792
"Influenza_RSV","BIRC5",0.6850044
"Influenza_RSV","BUB1B",1.2595977
"Influenza_RSV","KIF2C",0.9809486
"Influenza_RSV","MELK",1.7554826
"RSV","TTK",1.7538804
"RSV","CCNA2",2.044896
"RSV","BIRC5",1.5608274
"RSV","BUB1B",1.3844635
"RSV","KIF2C",1.2100502
"RSV","MELK",2.5134125
"RSV","TTK",0.8614191
"RSV","CCNA2",0.35061464
"RSV","BIRC5",0.8065694
"RSV","BUB1B",1.0302831
"RSV","KIF2C",1.1541709
"RSV","MELK",1.5663188
"Healthy_RSV","TTK",1
"Healthy_RSV","CCNA2",2.2801888
"Healthy_RSV","BIRC5",1.2102927
"Healthy_RSV","BUB1B",0.99999994
"Healthy_RSV","KIF2C",1.2002332
"Healthy_RSV","MELK",1.4051534
"Healthy_RSV","TTK",0.46452332
"Healthy_RSV","CCNA2",0.7771245
"Healthy_RSV","BIRC5",0.76277375
"Healthy_RSV","BUB1B",1.3238974
"Healthy_RSV","KIF2C",1.0870352
"Healthy_RSV","MELK",0.94113255
"Healthy_RSV","TTK",0.4900585
"Healthy_RSV","CCNA2",0.685849
"Healthy_RSV","BIRC5",0.5563443
"Healthy_RSV","BUB1B",1.2254722
"Healthy_RSV","KIF2C",1.0513219
"Healthy_RSV","MELK",0.69243425
"Healthy_RSV","TTK",2.5415206
"Healthy_RSV","CCNA2",2.2179246
"Healthy_RSV","BIRC5",1.4942324
"Healthy_RSV","BUB1B",2.604509
"Healthy_RSV","KIF2C",1.4296267
"Healthy_RSV","MELK",1.7423245
"Healthy_RSV","TTK",0.6046784
"Healthy_RSV","CCNA2",0.33962265
"Healthy_RSV","BIRC5",0.51109135
"Healthy_RSV","BUB1B",0.62583786
"Healthy_RSV","KIF2C",1.1450232
"Healthy_RSV","MELK",0.99561405
"Healthy_RSV","TTK",0.4619883
"Healthy_RSV","CCNA2",1
"Healthy_RSV","BIRC5",0.6415262
"Healthy_RSV","BUB1B",0.74040216
"Healthy_RSV","KIF2C",0.6189735
"Healthy_RSV","MELK",1
"Healthy_RSV","TTK",1.5742794
"Healthy_RSV","CCNA2",0.8615713
"Healthy_RSV","BIRC5",0.17031631
"Healthy_RSV","BUB1B",1.206715
"Healthy_RSV","KIF2C",1.1991959
"Healthy_RSV","MELK",1.867362
"Healthy_RSV","TTK",2.2736843
"Healthy_RSV","CCNA2",0.3537736
"Healthy_RSV","BIRC5",1.2094055
"Healthy_RSV","BUB1B",1.3668494
"Healthy_RSV","KIF2C",1.0279937
"Healthy_RSV","MELK",1.3695176
"RSV","TTK",2.0199556
"RSV","CCNA2",0.8391235
"RSV","BIRC5",0.31265208
"RSV","BUB1B",1.558262
"RSV","KIF2C",0.9720603
"RSV","MELK",2.6035764
"Healthy_RSV","TTK",2.028825
"Healthy_RSV","CCNA2",0.09513628
"Healthy_RSV","BIRC5",0.92092454
"Healthy_RSV","BUB1B",1.5536537
"Healthy_RSV","KIF2C",1.3411056
"Healthy_RSV","MELK",3.5089412
"Healthy_RSV","TTK",1.0144125
"Healthy_RSV","CCNA2",2.1785142
"Healthy_RSV","BIRC5",2.1618006
"Healthy_RSV","BUB1B",1.1902568
"Healthy_RSV","KIF2C",1.8584924
"Healthy_RSV","MELK",1.8591652
"Healthy_RSV","TTK",0.67627496
"Healthy_RSV","CCNA2",1.2987707
"Healthy_RSV","BIRC5",1.0790755
"Healthy_RSV","BUB1B",0.84331805
"Healthy_RSV","KIF2C",0.9889447
"Healthy_RSV","MELK",1.0588673
"RSV","TTK",1.1995566
"RSV","CCNA2",1.1672902
"RSV","BIRC5",1.1545013
"RSV","BUB1B",1.4391047
"RSV","KIF2C",1.4942714
"RSV","MELK",1.9135616
"RSV","TTK",1.8991132
"RSV","CCNA2",3.0657399
"RSV","BIRC5",2.8491485
"RSV","BUB1B",2.2909808
"RSV","KIF2C",2.4257288
"RSV","MELK",2.7600596
"RSV","TTK",0.4013304
"RSV","CCNA2",0.96419024
"RSV","BIRC5",0.5583942
"RSV","BUB1B",1.036208
"RSV","KIF2C",2.4140704
"RSV","MELK",0.31818178
"RSV","TTK",0.32594237
"RSV","CCNA2",5.2902193
"RSV","BIRC5",1.5340633
"RSV","BUB1B",0.57208693
"RSV","KIF2C",1.0749749
"RSV","MELK",2.3368106
"RSV","TTK",1.1463416
"RSV","CCNA2",2.6103687
"RSV","BIRC5",1.5973237
"RSV","BUB1B",1.4950626
"RSV","KIF2C",2.043417
"RSV","MELK",2.3882263
"RSV","TTK",2.182927
"RSV","CCNA2",2.52806
"RSV","BIRC5",1.6107056
"RSV","BUB1B",1.5806452
"RSV","KIF2C",0.9873367
"RSV","MELK",2.2846496
"RSV","TTK",2.092018
"RSV","CCNA2",1.6312133
"RSV","BIRC5",2.1484187
"RSV","BUB1B",1.289006
"RSV","KIF2C",1.1409044
"RSV","MELK",1.8666168
"RSV","TTK",1.3847008
"RSV","CCNA2",0.12934262
"RSV","BIRC5",0.51703167
"RSV","BUB1B",1.1277156
"RSV","KIF2C",0.6958794
"RSV","MELK",2.4545453
"RSV","TTK",1.3403548
"RSV","CCNA2",1.0122929
"RSV","BIRC5",1.0364964
"RSV","BUB1B",1.7498354
"RSV","KIF2C",1.1204021
"RSV","MELK",2.6125183
"RSV","TTK",1.85255
"RSV","CCNA2",1.7113844
"RSV","BIRC5",0.24452555
"RSV","BUB1B",0.9624753
"RSV","KIF2C",1.6245226
"RSV","MELK",1.9433678
"RSV","TTK",1.3048781
"RSV","CCNA2",1.8107963
"RSV","BIRC5",0.6618005
"RSV","BUB1B",2.1573405
"RSV","KIF2C",0.94271356
"RSV","MELK",1.7004468
"Influenza_RSV","TTK",2.1076024
"Influenza_RSV","CCNA2",2.79434
"Influenza_RSV","BIRC5",1.2244898
"Influenza_RSV","BUB1B",2.2992074
"Influenza_RSV","KIF2C",1.561042
"Influenza_RSV","MELK",2.2867324
"Influenza_RSV","TTK",1.985965
"Influenza_RSV","CCNA2",2.7698116
"Influenza_RSV","BIRC5",1.390417
"Influenza_RSV","BUB1B",2.1352832
"Influenza_RSV","KIF2C",1.2717729
"Influenza_RSV","MELK",1.7428728
"Influenza_RSV","TTK",0.14035088
"Influenza_RSV","CCNA2",0.4443396
"Influenza_RSV","BIRC5",0.81188995
"Influenza_RSV","BUB1B",0.6380255
"Influenza_RSV","KIF2C",0.7779938
"Influenza_RSV","MELK",0.18914475
"RSV","TTK",1.905765
"RSV","CCNA2",1.6889364
"RSV","BIRC5",1.2785888
"RSV","BUB1B",1.1046741
"RSV","KIF2C",0.96321607
"RSV","MELK",2.1982114
"Influenza_RSV","TTK",1.2479532
"Influenza_RSV","CCNA2",2.0509434
"Influenza_RSV","BIRC5",1.2440106
"Influenza_RSV","BUB1B",2.1486897
"Influenza_RSV","KIF2C",1.7978226
"Influenza_RSV","MELK",1.9720396
"RSV","TTK",2.1463416
"RSV","CCNA2",1.3404597
"RSV","BIRC5",2.5036497
"RSV","BUB1B",2.1593153
"RSV","KIF2C",1.9095477
"RSV","MELK",2.6870341
"Influenza_RSV","TTK",1.0877193
"Influenza_RSV","CCNA2",0.8273585
"Influenza_RSV","BIRC5",0.1552795
"Influenza_RSV","BUB1B",0.5953686
"Influenza_RSV","KIF2C",1.0268273
"Influenza_RSV","MELK",0.53892547
"Influenza_RSV","TTK",1.2783626
"Influenza_RSV","CCNA2",0.08490567
"Influenza_RSV","BIRC5",0.4108252
"Influenza_RSV","BUB1B",0.5131017
"Influenza_RSV","KIF2C",1.5995333
"Influenza_RSV","MELK",2.3580043
"Influenza_RSV","TTK",3.4233923
"Influenza_RSV","CCNA2",1.4122641
"Influenza_RSV","BIRC5",1.6202308
"Influenza_RSV","BUB1B",1.4680072
"Influenza_RSV","KIF2C",1.1115862
"Influenza_RSV","MELK",2.4868422
"Influenza_RSV","TTK",3.954386
"Influenza_RSV","CCNA2",4.5311327
"Influenza_RSV","BIRC5",1.2599822
"Influenza_RSV","BUB1B",2.523461
"Influenza_RSV","KIF2C",1.9420683
"Influenza_RSV","MELK",4.9358554
"Influenza_RSV","TTK",2.2046783
"Influenza_RSV","CCNA2",0.6792453
"Influenza_RSV","BIRC5",0.32741794
"Influenza_RSV","BUB1B",0.89457643
"Influenza_RSV","KIF2C",1.202566
"Influenza_RSV","MELK",1.4879385
"Influenza_RSV","TTK",2.7076023
"Influenza_RSV","CCNA2",2.2622643
"Influenza_RSV","BIRC5",0.14374447
"Influenza_RSV","BUB1B",1.9451554
"Influenza_RSV","KIF2C",1.5419906
"Influenza_RSV","MELK",2.383772
"RSV","TTK",1.7971177
"RSV","CCNA2",2.0983431
"RSV","BIRC5",0.3856448
"RSV","BUB1B",1.2198815
"RSV","KIF2C",1.6904522
"RSV","MELK",1.4180326
"RSV","TTK",3.2305987
"RSV","CCNA2",3.9144845
"RSV","BIRC5",3.0194645
"RSV","BUB1B",1.2797893
"RSV","KIF2C",1.8251256
"RSV","MELK",3.786885
"Influenza_RSV","TTK",1.077193
"Influenza_RSV","CCNA2",0.07264151
"Influenza_RSV","BIRC5",0.1171251
"Influenza_RSV","BUB1B",0.5648994
"Influenza_RSV","KIF2C",0.51127523
"Influenza_RSV","MELK",0.8876096
"Influenza_RSV","TTK",2.6690059
"Influenza_RSV","CCNA2",3.9462266
"Influenza_RSV","BIRC5",1.9245784
"Influenza_RSV","BUB1B",2.426569
"Influenza_RSV","KIF2C",1.4618973
"Influenza_RSV","MELK",2.7494519
"Influenza_RSV","TTK",0.97894734
"Influenza_RSV","CCNA2",1.2773584
"Influenza_RSV","BIRC5",0.08074535
"Influenza_RSV","BUB1B",0.7428397
"Influenza_RSV","KIF2C",0.5326594
"Influenza_RSV","MELK",1.2291666
